name,lat,lon,src,type,h3_index,ward_id,response_time_h3
,12.859067000178,77.5632669998641,real,fire_station,88618924dbfffff,,12.85
,12.922951999756,77.5619950001617,real,fire_station,8860145a41fffff,ward_91,10.72
,12.8355330002137,77.6626951598893,real,fire_station,8861892601fffff,,9.76
,12.7249859997302,77.6927930004421,real,fire_station,8861893691fffff,,9.92
,13.1251330004255,77.6009479997117,real,fire_station,8860169751fffff,,6.99
,12.8722635013209,77.5987909601949,real,fire_station,88618924cdfffff,ward_192,10.69
,13.028053000353,77.5206689999362,real,fire_station,886014591bfffff,ward_127,5.9
,12.9804729998742,77.5486169997517,real,fire_station,8860145b1bfffff,ward_26,10.45
,12.9168625998515,77.6737449000677,real,fire_station,886189254bfffff,,6.22
,12.9742115158572,77.4216507378574,real,fire_station,8860144149fffff,,10.12
,12.9724090004274,77.6108600004574,real,fire_station,88618925a5fffff,ward_21,9.48
,12.9985899999803,77.7026689999322,real,fire_station,8861892e63fffff,ward_197,9.25
,12.9777659002955,77.5890869999081,real,fire_station,8860145b41fffff,ward_4,3.19
,12.9873559880069,77.7326397279664,real,fire_station,8861892191fffff,,5.57
,12.9355274831777,77.509924953498,real,fire_station,8860145a13fffff,ward_136,10.98
,12.9625257211168,77.5630824003806,real,fire_station,8860145b5bfffff,ward_14,7.29
,12.9351812793424,77.6008544597293,real,fire_station,886189258bfffff,ward_58,7.4
,13.0225579969286,77.5497576662169,real,fire_station,886014595dfffff,ward_76,6.83
,13.0484551882918,77.6181394945348,real,fire_station,8861892cebfffff,ward_134,11.09
,12.9807227206849,77.5803038729397,real,fire_station,8860145b43fffff,ward_7,8.56
,13.0115642689608,77.6459202769109,real,fire_station,8861892eadfffff,ward_153,7.06
synt_fire_1,12.97791594122471,77.66314053653964,synthetic,fire_station,8861892e1bfffff,ward_146,6.04
synt_fire_2,12.99494077257703,77.63404414616664,synthetic,fire_station,8861892e81fffff,ward_89,7.59
synt_fire_3,12.97742542089089,77.57809043267117,synthetic,fire_station,8860145b43fffff,ward_1,7.04
synt_fire_4,13.013817514335905,77.61387753297689,synthetic,fire_station,8861892eb7fffff,ward_75,11.02
synt_fire_5,12.979087526544735,77.48613816324726,synthetic,fire_station,886014581bfffff,ward_165,8.43
synt_fire_6,12.976928317628527,77.6082675857369,synthetic,fire_station,8861892e9bfffff,ward_21,7.4
synt_fire_7,12.984550299272184,77.59909971821602,synthetic,fire_station,8861892e93fffff,ward_4,3.0
synt_fire_8,12.994430006215445,77.52345134128173,synthetic,fire_station,886014580dfffff,ward_70,7.73
synt_fire_9,13.018922980780179,77.55764840047877,synthetic,fire_station,886014594bfffff,ward_66,8.78
synt_fire_10,12.963547682774804,77.60448979881468,synthetic,fire_station,88618925a1fffff,ward_21,4.0
synt_fire_11,12.954345644914673,77.59132188549124,synthetic,fire_station,88618925bdfffff,ward_10,11.46
synt_fire_12,12.949378471772155,77.57335063054425,synthetic,fire_station,8860145a6dfffff,ward_25,5.5
synt_fire_13,12.96867084335539,77.56237282837003,synthetic,fire_station,8860145b53fffff,ward_5,4.5
synt_fire_14,12.950951650764612,77.57904673493584,synthetic,fire_station,88618925bbfffff,ward_32,4.96
synt_fire_15,12.98846340598496,77.61788977821729,synthetic,fire_station,8861892e9dfffff,ward_41,5.52
synt_fire_16,12.96065750708159,77.58295979143823,synthetic,fire_station,88618925b7fffff,ward_11,7.29
synt_fire_17,13.07190271840943,77.59652454181534,synthetic,fire_station,8860169649fffff,ward_161,6.59
synt_fire_18,13.002918832041809,77.59818502788063,synthetic,fire_station,8860145b61fffff,ward_33,7.57
synt_fire_19,12.915438627164026,77.57109534438243,synthetic,fire_station,88618924a7fffff,ward_119,6.54
synt_fire_20,12.898022143281421,77.61530457315814,synthetic,fire_station,8861892439fffff,ward_164,6.3
synt_fire_21,13.051621670838292,77.55970027491242,synthetic,fire_station,8860145963fffff,ward_151,3.0
synt_fire_22,13.054149411630732,77.53598735393618,synthetic,fire_station,8860145939fffff,ward_150,8.87
synt_fire_23,12.935932928259627,77.60296094374641,synthetic,fire_station,8861892589fffff,ward_87,9.06
synt_fire_24,12.950971056978164,77.56098579306726,synthetic,fire_station,8860145a61fffff,ward_40,11.58
synt_fire_25,13.027059317465058,77.54186465596926,synthetic,fire_station,8860145951fffff,ward_108,5.01
synt_fire_26,12.972324862216364,77.57616310103887,synthetic,fire_station,8860145b5dfffff,ward_1,9.99
synt_fire_27,12.99875218558722,77.61013945292352,synthetic,fire_station,8861892ebbfffff,ward_41,8.21
synt_fire_28,12.979467453548114,77.53290341583009,synthetic,fire_station,8860145841fffff,ward_79,11.86
synt_fire_29,13.024011717983958,77.69586608023135,synthetic,fire_station,8861892e27fffff,,10.48
synt_fire_30,13.016422800677384,77.60327612727376,synthetic,fire_station,8861892cd9fffff,ward_49,11.75
synt_fire_31,12.968584606960357,77.57076749509075,synthetic,fire_station,8860145b51fffff,ward_5,8.58
synt_fire_32,12.928025757045917,77.60554495811054,synthetic,fire_station,88618925d5fffff,ward_87,8.09
synt_fire_33,12.978178813022112,77.63236786530736,synthetic,fire_station,8861892ed5fffff,ward_101,9.89
synt_fire_34,12.94213051903781,77.6354249525422,synthetic,fire_station,8861892517fffff,ward_129,12.11
synt_fire_35,12.971212029468232,77.55640698227934,synthetic,fire_station,8860145a25fffff,ward_17,8.03
synt_fire_36,12.964286063826538,77.55649231953358,synthetic,fire_station,8860145a2dfffff,ward_20,6.11
synt_fire_37,12.900076883026905,77.60642454696234,synthetic,fire_station,8861892433fffff,ward_164,9.2
synt_fire_38,13.014582453039493,77.63199444307143,synthetic,fire_station,8861892ea3fffff,ward_121,8.93
synt_fire_39,13.011821335706559,77.60709076226958,synthetic,fire_station,8861892eb3fffff,ward_57,4.77
synt_fire_40,12.91647021350273,77.58817606173658,synthetic,fire_station,88618925d3fffff,ward_125,5.07
synt_fire_41,12.938281331403717,77.56968823859675,synthetic,fire_station,8860145a69fffff,ward_48,6.75
synt_fire_42,13.039475090900003,77.5821404447592,synthetic,fire_station,8861892c91fffff,ward_98,6.81
synt_fire_43,12.87906386406932,77.5407885618286,synthetic,fire_station,8861892493fffff,,9.45
synt_fire_44,12.960909854677498,77.5718253458889,synthetic,fire_station,8860145b59fffff,ward_8,9.67
synt_fire_45,13.021131247144913,77.6143230320736,synthetic,fire_station,8861892ccbfffff,ward_107,5.67
synt_fire_46,13.016096233945591,77.59014394596188,synthetic,fire_station,8860145b2dfffff,ward_45,4.9
synt_fire_47,12.971805988006043,77.56638462685711,synthetic,fire_station,8860145b51fffff,ward_5,4.23
synt_fire_48,13.000894897918334,77.61821000893778,synthetic,fire_station,8861892eb9fffff,ward_41,5.33
synt_fire_49,13.045715649201211,77.58459660333476,synthetic,fire_station,8861892c95fffff,ward_134,8.34
synt_fire_50,12.995403328149743,77.64026889776702,synthetic,fire_station,8861892e8dfffff,ward_89,10.26
synt_fire_51,12.940134888806309,77.61369817955813,synthetic,fire_station,886189258dfffff,ward_77,8.56
synt_fire_52,12.952092326855958,77.64460413311919,synthetic,fire_station,8861892531fffff,ward_141,8.94
synt_fire_53,13.039846469441782,77.64664192973474,synthetic,fire_station,8861892c1dfffff,ward_160,4.17
synt_fire_54,13.045274243215466,77.61447597253651,synthetic,fire_station,8861892c8dfffff,ward_162,10.54
synt_fire_55,12.94268651899497,77.60064255911382,synthetic,fire_station,8861892581fffff,ward_36,8.95
synt_fire_56,13.019439598848544,77.59994574758193,synthetic,fire_station,8861892cd1fffff,ward_49,8.91
synt_fire_57,12.97902907402167,77.58712756433223,synthetic,fire_station,8860145b41fffff,ward_4,7.77
synt_fire_58,12.999114161566183,77.53980260374982,synthetic,fire_station,8860145861fffff,ward_68,9.02
synt_fire_59,13.01077601097362,77.60304808190237,synthetic,fire_station,8860145b65fffff,ward_49,8.03
synt_fire_60,12.978341617893385,77.60756743826583,synthetic,fire_station,8861892e9bfffff,ward_23,7.55
synt_fire_61,13.030155884040019,77.54018497807175,synthetic,fire_station,8860145957fffff,ward_127,11.84
synt_fire_62,13.042437028076415,77.6215045120388,synthetic,fire_station,8861892cebfffff,ward_162,6.56
synt_fire_63,13.023854710598476,77.62074496493105,synthetic,fire_station,8861892cc9fffff,ward_107,8.63
synt_fire_64,13.012187174234377,77.58087765077612,synthetic,fire_station,8860145b29fffff,ward_39,5.75
synt_fire_65,12.954278498024353,77.6013491593335,synthetic,fire_station,88618925abfffff,ward_24,9.56
synt_fire_66,12.988926597582985,77.55310556815371,synthetic,fire_station,8860145b11fffff,ward_22,6.56
synt_fire_67,13.053995454511767,77.61447281049132,synthetic,fire_station,8861892ce3fffff,ward_161,9.08
synt_fire_68,12.971174688437374,77.51787462701581,synthetic,fire_station,886014585dfffff,ward_111,8.34
synt_fire_69,12.950087412571248,77.60039534695865,synthetic,fire_station,8861892587fffff,ward_24,5.42
synt_fire_70,12.97330116019141,77.52815261359628,synthetic,fire_station,886014584bfffff,ward_74,15.37
synt_fire_71,12.994285943067492,77.57450199227443,synthetic,fire_station,8860145b01fffff,ward_9,6.64
synt_fire_72,12.967505510655752,77.53105531703467,synthetic,fire_station,8860145a35fffff,ward_74,9.64
synt_fire_73,12.996996899779608,77.53794974887488,synthetic,fire_station,8860145869fffff,ward_70,9.86
synt_fire_74,12.975104253637314,77.6272743434314,synthetic,fire_station,8861892ed1fffff,ward_69,4.34
synt_fire_75,13.033389489623834,77.57572838117058,synthetic,fire_station,8861892c9bfffff,ward_102,8.9
synt_fire_76,12.860432100430078,77.61106059716373,synthetic,fire_station,88618926adfffff,,6.26
synt_fire_77,12.94645294390048,77.5251167695877,synthetic,fire_station,8860145a3bfffff,ward_124,5.58
synt_fire_78,13.013207343257914,77.50686026160987,synthetic,fire_station,886014583dfffff,ward_158,6.63
synt_fire_79,13.012109136851972,77.61705489286443,synthetic,fire_station,8861892eb1fffff,ward_82,19.01
synt_fire_80,13.003716364045264,77.58923402929156,synthetic,fire_station,8860145b63fffff,ward_39,9.6
synt_fire_81,12.979123231458818,77.56149933594412,synthetic,fire_station,8860145b57fffff,ward_6,5.96
synt_fire_82,12.940331237171453,77.67559464028004,synthetic,fire_station,886189256bfffff,ward_190,7.9
synt_fire_83,12.96582591797974,77.5439132432661,synthetic,fire_station,8860145a21fffff,ward_53,10.57
synt_fire_84,12.979880300041678,77.6039548744853,synthetic,fire_station,8861892e9bfffff,ward_4,11.98
synt_fire_85,13.02444114272309,77.57173088514081,synthetic,fire_station,8860145b27fffff,ward_39,9.24
synt_fire_86,12.975998771980288,77.54880529220988,synthetic,fire_station,8860145b1bfffff,ward_26,6.62
synt_fire_87,12.973366298423825,77.61546340803568,synthetic,fire_station,88618925a5fffff,ward_44,9.77
synt_fire_88,12.981124914304214,77.56616805709706,synthetic,fire_station,8860145b57fffff,ward_3,5.27
synt_fire_89,12.990450132918141,77.54958438116492,synthetic,fire_station,8860145b17fffff,ward_22,4.81
synt_fire_90,12.897322066874361,77.56138821705977,synthetic,fire_station,88618924b9fffff,ward_163,12.82
synt_fire_91,12.864057238457693,77.57027370490641,synthetic,fire_station,88618924d1fffff,,4.93
synt_fire_92,13.000072099592984,77.62035390937865,synthetic,fire_station,8861892eb9fffff,ward_89,9.03
synt_fire_93,13.004805894710227,77.58230301624397,synthetic,fire_station,8860145b29fffff,ward_39,14.17
synt_fire_94,12.942583609279831,77.5368991784989,synthetic,fire_station,8860145a03fffff,ward_84,10.88
synt_fire_95,12.975210051272947,77.54625052900825,synthetic,fire_station,8860145b1bfffff,ward_43,3.0
synt_fire_96,12.945123554026468,77.58263778088303,synthetic,fire_station,88618925bbfffff,ward_32,10.55
synt_fire_97,12.949541634636525,77.50817993542692,synthetic,fire_station,8860145ae1fffff,ward_136,4.63
synt_fire_98,12.974876756132534,77.54286533581056,synthetic,fire_station,8860145a27fffff,ward_43,5.72
synt_fire_99,13.004312866632501,77.63261092652994,synthetic,fire_station,8861892eabfffff,ward_89,10.91
synt_fire_100,13.01401033277505,77.59830954539974,synthetic,fire_station,8861892cdbfffff,ward_49,11.43
synt_fire_101,13.038235640447489,77.54161890305426,synthetic,fire_station,886014590bfffff,ward_150,10.91
synt_fire_102,12.960549498730526,77.58827206474832,synthetic,fire_station,88618925b5fffff,ward_10,15.51
synt_fire_103,12.967783363069909,77.58665876165448,synthetic,fire_station,8860145b4bfffff,ward_4,12.3
synt_fire_104,12.968485973687464,77.57036197731443,synthetic,fire_station,8860145b51fffff,ward_5,10.52
synt_fire_105,12.966517331451149,77.61061214354221,synthetic,fire_station,88618925a5fffff,ward_46,8.15
synt_fire_106,12.976164065503308,77.52843379497791,synthetic,fire_station,8860145841fffff,ward_63,10.43
synt_fire_107,12.9787375287416,77.556497939294,synthetic,fire_station,8860145b19fffff,ward_15,14.53
synt_fire_108,13.041365989534368,77.59534471714781,synthetic,fire_station,8861892c83fffff,ward_134,9.59
synt_fire_109,13.034439006950421,77.58529378691497,synthetic,fire_station,8861892c99fffff,ward_98,7.56
synt_fire_110,13.020447678307878,77.61144710923145,synthetic,fire_station,8861892cddfffff,ward_88,4.53
synt_fire_111,13.005932058867785,77.51126233295506,synthetic,fire_station,886014582bfffff,ward_132,7.43
synt_fire_112,12.991594372876417,77.63528271697038,synthetic,fire_station,8861892e81fffff,ward_80,12.04
synt_fire_113,12.984148709323376,77.62765135135294,synthetic,fire_station,8861892e8bfffff,ward_80,11.91
synt_fire_114,12.964397551424737,77.5685786959735,synthetic,fire_station,8860145b5bfffff,ward_8,10.74
synt_fire_115,13.01115314252368,77.52431007608217,synthetic,fire_station,8860145829fffff,ward_116,6.03
synt_fire_116,13.050511044336274,77.56983870742742,synthetic,fire_station,8860145961fffff,ward_142,9.29
synt_fire_117,13.03614696130796,77.55693302377466,synthetic,fire_station,8860145947fffff,ward_114,6.5
synt_fire_118,13.01368069018527,77.5642192475393,synthetic,fire_station,8860145b35fffff,ward_31,3.21
synt_fire_119,12.922067494443281,77.56391625533826,synthetic,fire_station,8860145a49fffff,ward_96,9.62
synt_fire_120,12.979068480902129,77.60004628864039,synthetic,fire_station,8860145b4dfffff,ward_21,3.0
synt_fire_121,12.952018792242232,77.60163814661055,synthetic,fire_station,88618925abfffff,ward_24,7.35
synt_fire_122,12.973238238758706,77.5016919176609,synthetic,fire_station,8860145853fffff,ward_155,9.29
synt_fire_123,13.0229926187596,77.6239721191102,synthetic,fire_station,8861892cc9fffff,ward_107,7.23
synt_fire_124,12.96931904176098,77.57335828228729,synthetic,fire_station,8860145b51fffff,ward_2,8.47
synt_fire_125,12.962651137885274,77.59606915506131,synthetic,fire_station,88618925a3fffff,ward_21,11.32
synt_fire_126,12.960021611466999,77.61412040599164,synthetic,fire_station,88618925adfffff,ward_21,6.62
synt_fire_127,12.977830998058526,77.5289301814472,synthetic,fire_station,8860145841fffff,ward_63,5.58
synt_fire_128,13.011062400580313,77.5996747114958,synthetic,fire_station,8860145b65fffff,ward_49,14.57
synt_fire_129,12.909694528884023,77.58828464174503,synthetic,fire_station,88618924adfffff,ward_125,4.58
synt_pol_1,13.00605682025967,77.57711296391521,,police_station,8860145b2bfffff,ward_39,12.34
synt_pol_2,12.964428185320784,77.62999395692864,,police_station,8861892ed9fffff,ward_69,3.0
synt_pol_3,12.957156352253808,77.65058106369456,,police_station,886189253dfffff,ward_141,11.6
synt_pol_4,12.954739115843251,77.61845629328286,,police_station,88618925e7fffff,ward_46,6.94
synt_pol_5,13.05579205401292,77.52955072743438,,police_station,8860145939fffff,ward_176,8.81
synt_pol_6,13.002720633710542,77.55200902682807,,police_station,8860145b3bfffff,ward_50,6.4
synt_pol_7,13.015679622817757,77.63828485241402,,police_station,8861892ea1fffff,ward_131,6.06
synt_pol_8,13.05461142826621,77.62191597430589,,police_station,8861892ce1fffff,ward_162,8.36
synt_pol_9,12.97034832380626,77.60973568861726,,police_station,88618925a5fffff,ward_21,8.95
synt_pol_10,13.08894249188905,77.63126571431339,,police_station,8861892d8bfffff,,5.26
synt_pol_11,13.072970240536899,77.62746785187456,,police_station,8861892dd1fffff,ward_191,9.64
synt_pol_12,12.936597852464745,77.5706857794846,,police_station,8861892593fffff,ward_48,8.71
synt_pol_13,13.012876820630527,77.54426974099637,,police_station,8860145959fffff,ward_76,11.2
synt_pol_14,13.01222771382291,77.50479302231673,,police_station,886014583dfffff,ward_158,5.09
synt_pol_15,12.981719587764747,77.60555588951429,,police_station,8861892e9bfffff,ward_23,4.24
synt_pol_16,12.910456444178797,77.60411415216633,,police_station,88618925d9fffff,ward_139,11.36
synt_pol_17,13.021114506935632,77.61961778794571,,police_station,8861892ccbfffff,ward_107,3.0
synt_pol_18,12.919447116500768,77.52540928356133,,police_station,8860145125fffff,ward_159,11.96
synt_pol_19,13.031066378519833,77.62837401722382,,police_station,8861892ccdfffff,ward_143,9.07
synt_pol_20,12.943367804495168,77.52975785966743,,police_station,8860145a15fffff,ward_136,7.29
synt_pol_21,13.024425741286919,77.5047949041207,,police_station,88601459c9fffff,ward_158,9.48
synt_pol_22,13.012321860432827,77.51705846626236,,police_station,886014582bfffff,ward_133,11.34
synt_pol_23,12.9282694824712,77.58651085860313,,police_station,8861892599fffff,ward_93,8.69
synt_pol_24,13.012085981558092,77.61041696013578,,police_station,8861892eb7fffff,ward_67,11.78
synt_pol_25,12.99095866577647,77.54764317406651,,police_station,8860145b17fffff,ward_42,11.27
synt_pol_26,12.952664393740841,77.59152381879893,,police_station,88618925bdfffff,ward_36,10.61
synt_pol_27,13.01216365317058,77.54603498796908,,police_station,8860145959fffff,ward_65,4.53
synt_pol_28,12.956743759050596,77.55743273810553,,police_station,8860145a67fffff,ward_18,3.18
synt_pol_29,12.98618695594328,77.54350656130174,,police_station,8860145b13fffff,ward_42,3.0
synt_pol_30,12.983299556524694,77.5894236352204,,police_station,8860145b47fffff,ward_4,4.62
synt_pol_31,13.004295434852864,77.59928597417029,,police_station,8860145b65fffff,ward_33,11.04
synt_pol_32,12.93371343538451,77.58347119746023,,police_station,8861892591fffff,ward_64,11.68
synt_pol_33,13.001574250999422,77.55350955258291,,police_station,8860145b3bfffff,ward_19,7.68
synt_pol_34,12.968039830052852,77.63685166677381,,police_station,8861892eddfffff,ward_106,8.9
synt_pol_35,12.90495696016873,77.66770527293788,,police_station,8861892733fffff,,3.43
synt_pol_36,13.032538390450213,77.56887721177506,,police_station,886014594dfffff,ward_39,8.39
synt_pol_37,13.048860607866274,77.54254761801256,,police_station,8860145901fffff,ward_150,5.14
synt_pol_38,13.004825359473655,77.52540556072547,,police_station,8860145829fffff,ward_105,8.04
synt_pol_39,13.046844616673807,77.55552447747411,,police_station,886014590dfffff,ward_150,9.84
synt_pol_40,13.018589453100876,77.58972250956435,,police_station,8860145b2dfffff,ward_56,3.53
synt_pol_41,12.96915237770376,77.5596124675161,,police_station,8860145b53fffff,ward_12,8.27
synt_pol_42,13.0855612852719,77.55450425346008,,police_station,8860169619fffff,ward_184,11.71
synt_pol_43,13.005447746022076,77.60869336829823,,police_station,8861892eb3fffff,ward_49,6.97
synt_pol_44,13.030305432602356,77.62581582805167,,police_station,8861892ccdfffff,ward_143,4.18
synt_pol_45,12.940122744286933,77.58120630349246,,police_station,8861892597fffff,ward_32,10.47
synt_pol_46,13.011331708759355,77.59400504218932,,police_station,8860145b67fffff,ward_45,9.89
synt_pol_47,12.956817039864195,77.56302931518245,,police_station,8860145a67fffff,ward_18,6.65
synt_pol_48,12.982190326990748,77.53633288658393,,police_station,8860145845fffff,ward_54,5.34
synt_pol_49,12.982883273761756,77.60521648468477,,police_station,8861892e93fffff,ward_23,8.23
synt_pol_50,13.006110346475646,77.60201889739254,,police_station,8860145b65fffff,ward_33,14.93
synt_pol_51,12.94855743201126,77.51618695892243,,police_station,8860145aedfffff,ward_115,6.71
synt_pol_52,12.99796103339572,77.55272732515027,,police_station,8860145b3bfffff,ward_27,6.21
synt_pol_53,12.999823688725268,77.64459616176669,,police_station,8861892ee3fffff,ward_144,8.57
synt_pol_54,12.99194549777661,77.57242129129637,,police_station,8860145b01fffff,ward_1,7.01
synt_pol_55,12.95452946239621,77.5434944349766,,police_station,8860145a2bfffff,ward_47,9.62
synt_pol_56,13.035499434114348,77.48377953357526,,police_station,886014598bfffff,ward_194,3.1
synt_pol_57,12.976443339193487,77.62890765264447,,police_station,8861892ed5fffff,ward_69,11.62
synt_pol_58,12.943386114715981,77.57851718968007,,police_station,8861892597fffff,ward_32,8.92
synt_pol_59,12.972983782547313,77.60405017332963,,police_station,88618925a7fffff,ward_21,12.9
synt_pol_60,13.041755173369536,77.56369148633105,,police_station,8860145945fffff,ward_102,9.28
synt_pol_61,12.943587733861056,77.55511493878626,,police_station,8860145a0dfffff,ward_48,9.11
synt_pol_62,13.062100653679924,77.66005351493135,,police_station,8861892c2bfffff,ward_193,6.3
synt_pol_63,13.000757758267547,77.6056816929343,,police_station,8860145b6dfffff,ward_41,4.93
synt_pol_64,12.95863123981302,77.62161258782696,,police_station,88618925e7fffff,ward_129,8.98
synt_pol_65,12.97374274861929,77.54714073830553,,police_station,8860145a27fffff,ward_29,7.86
synt_pol_66,12.993803935963228,77.56894027320325,,police_station,8860145b03fffff,ward_9,6.6
synt_pol_67,12.992369017214745,77.579799355574,,police_station,8860145b0dfffff,ward_7,9.92
synt_pol_68,12.997814919644773,77.58609456791886,,police_station,8860145b63fffff,ward_39,4.13
synt_pol_69,13.058793503497629,77.61096037569459,,police_station,8861892ca9fffff,ward_161,5.74
synt_pol_70,12.97049579129641,77.60232123079226,,police_station,88618925a7fffff,ward_21,6.24
synt_pol_71,12.960492168623572,77.58078969102779,,police_station,88618925b7fffff,ward_11,4.1
synt_pol_72,12.94355984738009,77.54005951495596,,police_station,8860145a01fffff,ward_59,5.74
synt_pol_73,12.989550966953352,77.5246376924448,,police_station,886014580dfffff,ward_81,3.0
synt_pol_74,12.98936776442196,77.56580157682252,,police_station,8860145b03fffff,ward_13,8.01
synt_pol_75,12.985688915866795,77.6096645417333,,police_station,8861892e91fffff,ward_34,13.66
synt_pol_76,13.024068068874438,77.59743304349212,,police_station,8861892cd1fffff,ward_45,8.98
synt_pol_77,12.949042572332187,77.60653390138891,,police_station,8861892585fffff,ward_77,7.92
synt_pol_78,13.042459003093683,77.59371138078087,,police_station,8861892c83fffff,ward_134,6.94
synt_pol_79,12.90844025960156,77.53089509106236,,police_station,8860145167fffff,ward_169,11.51
synt_pol_80,12.997147380978868,77.56888684456192,,police_station,8860145b07fffff,ward_31,7.97
synt_pol_81,13.0752252751064,77.5616615175037,,police_station,8860169653fffff,ward_181,9.97
synt_pol_82,12.974510464036943,77.60308699068254,,police_station,88618925a7fffff,ward_21,5.94
synt_pol_83,12.888134155606243,77.61633183303776,,police_station,8861892415fffff,ward_164,14.64
synt_pol_84,12.973648646400092,77.52440329473865,,police_station,886014584bfffff,ward_92,8.08
synt_pol_85,12.967131807506965,77.6276216794743,,police_station,8861892ed1fffff,ward_69,4.9
synt_pol_86,12.995086359138941,77.47140018110021,,police_station,88601458ebfffff,,11.05
synt_pol_87,13.001767483234884,77.56848494918783,,police_station,8860145b07fffff,ward_31,11.58
synt_pol_88,12.992182897931874,77.52976623623825,,police_station,886014586bfffff,ward_81,10.46
synt_pol_89,13.023596977424644,77.62027401400468,,police_station,8861892ccbfffff,ward_107,5.82
synt_pol_90,12.989389278690517,77.58140261798609,,police_station,8860145b0dfffff,ward_7,4.94
synt_pol_91,13.029015973644078,77.60045311053504,,police_station,8861892cd5fffff,ward_97,8.31
synt_pol_92,12.97333418636513,77.57372846891218,,police_station,8860145b5dfffff,ward_1,4.17
synt_pol_93,13.00259239974206,77.65468010352924,,police_station,8861892ee1fffff,ward_144,8.64
synt_pol_94,12.965107102207702,77.56370060011676,,police_station,8860145b5bfffff,ward_14,6.36
synt_pol_95,13.016002179260393,77.56003771202836,,police_station,8860145b35fffff,ward_31,10.84
synt_pol_96,12.946796401160539,77.53894039093804,,police_station,8860145a07fffff,ward_84,6.13
synt_pol_97,13.041889943744382,77.54687078051332,,police_station,8860145909fffff,ward_150,12.17
synt_pol_98,12.974577310380047,77.5215115091025,,police_station,886014585dfffff,ward_92,7.47
synt_pol_99,12.980638919017068,77.56490362427161,,police_station,8860145b57fffff,ward_3,3.0
synt_pol_100,12.976904796700378,77.56405129335911,,police_station,8860145b57fffff,ward_6,5.55
synt_pol_101,12.985138505264212,77.57369695766205,,police_station,8860145b09fffff,ward_1,5.35
synt_pol_102,12.975509251260466,77.5531372627143,,police_station,8860145a25fffff,ward_26,8.32
synt_pol_103,12.956724095633815,77.61502414216682,,police_station,88618925a9fffff,ward_46,6.07
synt_pol_104,12.97864148644495,77.6285668006322,,police_station,8861892ed5fffff,ward_101,13.55
synt_pol_105,12.96672198699409,77.55836778644927,,police_station,8860145a2dfffff,ward_12,11.72
synt_pol_106,13.026162578689211,77.575192334491,,police_station,8860145b27fffff,ward_39,4.33
synt_pol_107,12.972043152394907,77.56699742550813,,police_station,8860145b51fffff,ward_3,5.51
synt_pol_108,13.039616988383669,77.58312688581087,,police_station,8861892c91fffff,ward_98,10.3
synt_pol_109,13.009702240402202,77.62483099549662,,police_station,8861892ebdfffff,ward_86,3.0
synt_pol_110,13.001118395158715,77.5388494520231,,police_station,8860145861fffff,ward_50,12.38
synt_pol_111,12.999026987122631,77.6331074450486,,police_station,8861892e85fffff,ward_89,7.64
synt_pol_112,13.018803555710543,77.59036128228303,,police_station,8860145b2dfffff,ward_56,10.43
synt_pol_113,12.963461467485335,77.61787563997072,,police_station,88618925adfffff,ward_46,10.44
synt_pol_114,12.910296108465868,77.62457180689208,,police_station,8861892423fffff,ward_157,11.19
synt_pol_115,13.034944860483426,77.54646591009991,,police_station,8860145955fffff,ward_114,6.31
synt_pol_116,12.98796691255722,77.50991818044808,,police_station,886014580bfffff,ward_140,10.21
synt_pol_117,12.981681815126732,77.55719519781586,,police_station,8860145b19fffff,ward_15,9.55
synt_pol_118,12.931197169113231,77.59160980857989,,police_station,886189259dfffff,ward_72,5.07
synt_pol_119,13.049576080303941,77.61923328471907,,police_station,8861892cebfffff,ward_162,9.86
synt_pol_120,12.967576939258143,77.63966990652607,,police_station,8861892537fffff,ward_106,3.0
synt_pol_121,13.021054552082694,77.66293149002945,,police_station,8861892c5dfffff,ward_193,14.72
synt_pol_122,12.97299356390815,77.61975983018507,,police_station,8861892ed3fffff,ward_44,8.95
synt_pol_123,13.060580836636957,77.50544028753895,,police_station,88601459e7fffff,,9.23
synt_pol_124,13.014311067778273,77.53798274975365,,police_station,886014595bfffff,ward_76,8.63
synt_pol_125,12.959011536856133,77.58427569771794,,police_station,88618925b1fffff,ward_11,10.32
synt_pol_126,12.997526519200507,77.6504373103144,,police_station,8861892eebfffff,ward_144,13.51
synt_pol_127,12.991963684479499,77.5814172311812,,police_station,8860145b0dfffff,ward_7,11.04
synt_pol_128,12.958255453577124,77.53879602832563,,police_station,8860145a3dfffff,ward_60,11.55
synt_pol_129,12.937797554601179,77.61549477176105,,police_station,88618925c7fffff,ward_77,7.07
synt_pol_130,12.949423988416454,77.64629286333253,,police_station,8861892539fffff,ward_141,14.43
synt_pol_131,13.009619549606393,77.63274384865264,,police_station,8861892eabfffff,ward_110,9.24
synt_pol_132,12.97720371424659,77.64167131875716,,police_station,8861892ec3fffff,ward_101,6.23
synt_pol_133,12.970326349469628,77.5813470480033,,police_station,8860145b5dfffff,ward_2,7.38
synt_pol_134,12.925929125393477,77.52619414766018,,police_station,8860145a19fffff,ward_136,3.0
synt_pol_135,12.958574555313524,77.59837264172646,,police_station,88618925bdfffff,ward_24,10.75
synt_pol_136,12.998868944751253,77.61171941956228,,police_station,8861892ebbfffff,ward_41,11.3
synt_pol_137,12.994504711902003,77.51607629899868,,police_station,8860145801fffff,ward_111,3.0
synt_pol_138,12.962407205265647,77.56324974522987,,police_station,8860145b5bfffff,ward_14,12.68
synt_pol_139,13.002493107442406,77.61358596290626,,police_station,8861892ebbfffff,ward_61,8.38
synt_pol_140,12.954452780896412,77.52153763678396,,police_station,8860145a33fffff,ward_103,10.36
synt_pol_141,13.002052526411687,77.63591720146107,,police_station,8861892e85fffff,ward_89,9.84
synt_pol_142,13.039209504220572,77.56744914668832,,police_station,8860145945fffff,ward_102,9.2
synt_pol_143,12.976058429251562,77.55652523368934,,police_station,8860145b19fffff,ward_12,8.39
synt_pol_144,13.033606571420009,77.57475937028573,,police_station,8861892c93fffff,ward_102,3.36
synt_pol_145,13.011876163545688,77.58233614975951,,police_station,8860145b29fffff,ward_39,6.52
synt_pol_146,13.020591800939199,77.64774609197289,,police_station,8861892c53fffff,ward_153,12.25
synt_pol_147,12.977315044852348,77.59131914102679,,police_station,8860145b41fffff,ward_4,3.0
synt_pol_148,12.982644472555274,77.5744101672982,,police_station,8860145b55fffff,ward_1,10.0
synt_pol_149,12.956053988533425,77.53102616526034,,police_station,8860145a31fffff,ward_83,10.89
synt_pol_150,12.883763111510378,77.58101239985548,,police_station,88618924c7fffff,ward_171,4.02
synt_pol_151,12.977820552237365,77.61255848231939,,police_station,8861892e99fffff,ward_23,12.48
synt_pol_152,12.971533394954276,77.51037520392778,,police_station,8860145851fffff,ward_136,11.02
synt_pol_153,13.01037333083755,77.67501224424284,,police_station,8861892e31fffff,ward_188,12.41
synt_pol_154,12.96687260867525,77.61270354764963,,police_station,88618925a5fffff,ward_46,10.28
synt_pol_155,13.027937661933608,77.53763674620882,,police_station,8860145957fffff,ward_108,8.73
synt_pol_156,12.945447449642662,77.60208709800683,,police_station,8861892581fffff,ward_36,6.79
synt_pol_157,12.955459753324332,77.52469915877798,,police_station,8860145a31fffff,ward_103,14.29
synt_pol_158,12.994968078096164,77.6712983141577,,police_station,8861892e15fffff,ward_187,10.72
synt_pol_159,12.920138847806266,77.54526888529783,,police_station,8860145a5dfffff,ward_117,10.45
synt_pol_160,13.001720896373158,77.55506737686547,,police_station,8860145b3bfffff,ward_28,9.22
synt_pol_161,12.964969280306683,77.5697332831486,,police_station,8860145b59fffff,ward_8,6.4
synt_pol_162,12.965534321024393,77.56949664420225,,police_station,8860145b59fffff,ward_8,4.86
synt_pol_163,12.958085447430793,77.61177143281822,,police_station,88618925a9fffff,ward_21,3.0
synt_pol_164,12.965871818264255,77.5524767876874,,police_station,8860145a2dfffff,ward_20,5.85
synt_pol_165,12.990803214826691,77.60815452521211,,police_station,8861892e97fffff,ward_34,8.22
synt_pol_166,12.99635139121115,77.59994935819594,,police_station,8860145b69fffff,ward_7,10.8
synt_pol_167,13.033310462064174,77.49825332682717,,police_station,88601459c3fffff,ward_194,7.1
synt_pol_168,12.933930118913938,77.54149893016496,,police_station,8860145a0bfffff,ward_85,6.93
synt_pol_169,12.931629741003327,77.58469692443569,,police_station,8861892591fffff,ward_93,4.67
synt_pol_170,12.984776304397574,77.62687481309527,,police_station,8861892e8bfffff,ward_80,10.09
synt_pol_171,12.976500505813949,77.53222342466476,,police_station,8860145841fffff,ward_63,9.16
synt_pol_172,13.042618190782713,77.6302393445503,,police_station,8861892ce9fffff,ward_162,4.53
synt_pol_173,12.995457185433523,77.65562977990456,,police_station,8861892ee9fffff,ward_144,8.35
synt_pol_174,13.100673804838264,77.5582007174079,,police_station,8860169615fffff,,9.5
synt_pol_175,12.95981136429283,77.6163297721675,,police_station,88618925adfffff,ward_21,8.11
synt_pol_176,12.972099393673025,77.61592411340396,,police_station,8861892ed3fffff,ward_21,7.4
synt_pol_177,13.017363864590886,77.560710728486,,police_station,8860145b35fffff,ward_66,5.77
synt_pol_178,13.02847133493838,77.61481731575074,,police_station,8861892cc3fffff,ward_88,9.02
synt_pol_179,12.973974302649559,77.62866275082682,,police_station,8861892ed1fffff,ward_69,5.73
synt_pol_180,13.109704055067073,77.61383164870658,,police_station,8861892dbbfffff,,9.7
synt_pol_181,12.929518848554974,77.57111259733578,,police_station,8860145a4dfffff,ward_64,8.05
synt_pol_182,12.967461036144638,77.55147847194372,,police_station,8860145a25fffff,ward_20,6.33
synt_pol_183,13.008761179394545,77.66028614799878,,police_station,8861892ee5fffff,ward_144,3.0
synt_pol_184,12.994115769383466,77.542567583159,,police_station,8860145869fffff,ward_42,16.06
synt_pol_185,13.006412579019246,77.53423543450619,,police_station,8860145867fffff,ward_65,7.12
synt_pol_186,13.02074364310181,77.59152513231874,,police_station,8861892cd3fffff,ward_56,4.51
synt_pol_187,12.963471640832761,77.5507476335715,,police_station,8860145a21fffff,ward_35,5.19
synt_pol_188,13.001855051389104,77.62925920844248,,police_station,8861892e87fffff,ward_89,6.0
synt_pol_189,13.039238689979081,77.58803679653016,,police_station,8861892c9dfffff,ward_98,9.38
synt_pol_190,12.99658317937567,77.57394691863459,,police_station,8860145b01fffff,ward_9,10.84
synt_pol_191,12.946923595871818,77.54885383531523,,police_station,8860145a05fffff,ward_59,8.04
synt_pol_192,13.03911023688124,77.55306843281474,,police_station,8860145909fffff,ward_114,10.73
synt_pol_193,13.045865924040996,77.55764102317822,,police_station,886014590dfffff,ward_151,10.87
synt_pol_194,12.918144097934046,77.5577778616503,,police_station,8860145a4bfffff,ward_91,8.51
synt_pol_195,12.99672272406586,77.57419727376771,,police_station,8860145b01fffff,ward_9,6.89
synt_pol_196,13.00491280837572,77.66830889317983,,police_station,8861892e33fffff,ward_167,6.11
synt_pol_197,12.995965443760138,77.58045935692353,,police_station,8860145b0dfffff,ward_7,6.84
synt_pol_198,12.963886961698035,77.57193933742502,,police_station,8860145b59fffff,ward_8,8.95
synt_pol_199,13.049354701272009,77.6275417646577,,police_station,8861892ce9fffff,ward_162,11.14
synt_pol_200,13.049960786552857,77.59102519944835,,police_station,8861892cb9fffff,ward_134,12.75
synt_ambul_1,12.959132105141695,77.58399064907981,,ambulance_base,88618925b1fffff,ward_11,3.0
synt_ambul_2,12.974584972479308,77.63853405181533,,ambulance_base,8861892eddfffff,ward_106,8.56
synt_ambul_3,13.014444875252268,77.50709535165717,,ambulance_base,8860145823fffff,ward_158,5.78
synt_ambul_4,12.937297166174284,77.57014146067988,,ambulance_base,8860145a69fffff,ward_48,10.5
synt_ambul_5,13.052736446248337,77.55417747934216,,ambulance_base,8860145963fffff,ward_151,4.95
synt_ambul_6,12.990787321113338,77.59744844242644,,ambulance_base,8860145b69fffff,ward_7,11.01
synt_ambul_7,13.005347940848043,77.60559229205083,,ambulance_base,8861892eb3fffff,ward_49,12.21
synt_ambul_8,12.961624058667958,77.62008557491711,,ambulance_base,8861892edbfffff,ward_129,3.0
synt_ambul_9,12.958341188650422,77.6179044362322,,ambulance_base,88618925e7fffff,ward_46,12.57
synt_ambul_10,12.96974071505465,77.56295370484075,,ambulance_base,8860145b53fffff,ward_5,7.64
synt_ambul_11,12.980979107241339,77.54801142005975,,ambulance_base,8860145b1bfffff,ward_26,6.14
synt_ambul_12,13.00094424133569,77.66304449981219,,ambulance_base,8861892eedfffff,ward_144,7.25
synt_ambul_13,12.895242774172768,77.59559662338087,,ambulance_base,88618924e1fffff,ward_156,7.78
synt_ambul_14,12.88952004707511,77.59743111301512,,ambulance_base,88618924e9fffff,ward_156,8.94
synt_ambul_15,12.899723704158234,77.55346345534026,,ambulance_base,88618924bbfffff,ward_163,10.36
synt_ambul_16,12.990310576380143,77.52644189496506,,ambulance_base,8860145847fffff,ward_81,8.33
synt_ambul_17,12.988560035098352,77.60664448474691,,ambulance_base,8861892e93fffff,ward_23,7.45
synt_ambul_18,13.01510875662204,77.52802271928148,,ambulance_base,886014582dfffff,ward_116,6.03
synt_ambul_19,13.014447702723002,77.55968090024729,,ambulance_base,8860145b35fffff,ward_31,10.69
synt_ambul_20,13.004846357339732,77.62512414721475,,ambulance_base,8861892ebdfffff,ward_86,6.62
synt_ambul_21,12.961715378362122,77.5991473935948,,ambulance_base,88618925a3fffff,ward_21,6.73
synt_ambul_22,12.954070212667459,77.53518991076521,,ambulance_base,8860145a3dfffff,ward_83,7.38
synt_ambul_23,13.030248838229012,77.52533679217682,,ambulance_base,8860145919fffff,ward_127,3.0
synt_ambul_24,13.030227923095108,77.62100997947817,,ambulance_base,8861892cc1fffff,ward_123,14.21
synt_ambul_25,12.933533325893002,77.56103812485398,,ambulance_base,8860145a45fffff,ward_62,7.22
synt_ambul_26,12.981447835952615,77.52926006646013,,ambulance_base,8860145841fffff,ward_79,7.67
synt_ambul_27,12.983745627864016,77.55777776908162,,ambulance_base,8860145b1dfffff,ward_15,5.66
synt_ambul_28,12.97220127521109,77.5279544599651,,ambulance_base,886014584bfffff,ward_74,6.82
synt_ambul_29,12.939634124683819,77.57086974818006,,ambulance_base,8860145a69fffff,ward_48,8.67
synt_ambul_30,12.999945072871084,77.61268324425434,,ambulance_base,8861892ebbfffff,ward_41,3.66
synt_ambul_31,12.90631467217275,77.56654993995299,,ambulance_base,88618924bdfffff,ward_135,6.68
synt_ambul_32,13.066085915192362,77.591293205598,,ambulance_base,8861892cb5fffff,ward_180,5.25
synt_ambul_33,12.925402855943599,77.55213995302088,,ambulance_base,8860145a43fffff,ward_85,10.97
synt_ambul_34,12.994639995053602,77.61647973978624,,ambulance_base,8861892e95fffff,ward_41,12.02
synt_ambul_35,13.030819700946168,77.6549689208225,,ambulance_base,8861892c57fffff,ward_193,8.97
synt_ambul_36,13.000873843056347,77.61163115741269,,ambulance_base,8861892ebbfffff,ward_41,7.11
synt_ambul_37,13.052992597115212,77.66365149662374,,ambulance_base,8861892c05fffff,ward_193,7.07
synt_ambul_38,12.983007652290379,77.59095564636301,,ambulance_base,8860145b41fffff,ward_4,15.09
synt_ambul_39,13.05594343214483,77.59295912994594,,ambulance_base,8861892cb9fffff,ward_134,11.58
synt_ambul_40,12.954923741115547,77.6027202207368,,ambulance_base,88618925abfffff,ward_24,11.72
synt_ambul_41,12.968609549212424,77.62108720114998,,ambulance_base,8861892ed3fffff,ward_69,5.96
synt_ambul_42,12.964839160720242,77.66334688200145,,ambulance_base,8861892521fffff,ward_173,7.99
synt_ambul_43,12.981943824079417,77.58178622879763,,ambulance_base,8860145b43fffff,ward_7,7.88
synt_ambul_44,12.995944753123304,77.52395080957946,,ambulance_base,886014580dfffff,ward_111,3.54
synt_ambul_45,13.009612736975216,77.62526216134107,,ambulance_base,8861892ebdfffff,ward_86,8.65
synt_ambul_46,12.878176352097501,77.57356771925434,,ambulance_base,8861892489fffff,,13.32
synt_ambul_47,12.990486055403853,77.57379249175426,,ambulance_base,8860145b01fffff,ward_1,10.07
synt_ambul_48,13.012783166723137,77.56638282481498,,ambulance_base,8860145b3dfffff,ward_31,7.47
synt_ambul_49,12.977528733196651,77.58101569527784,,ambulance_base,8860145b43fffff,ward_1,10.63
synt_ambul_50,13.009237868733763,77.54295155617552,,ambulance_base,8860145865fffff,ward_65,13.54
synt_ambul_51,13.011878869251035,77.54586372690243,,ambulance_base,8860145959fffff,ward_65,5.69
synt_ambul_52,13.017260293376559,77.56869273307886,,ambulance_base,8860145b23fffff,ward_39,7.95
synt_ambul_53,12.910942502361872,77.59446670557331,,ambulance_base,88618925dbfffff,ward_122,3.0
synt_ambul_54,12.968123673931455,77.61228545218539,,ambulance_base,88618925a5fffff,ward_46,6.04
synt_ambul_55,13.008482091848782,77.62373261378451,,ambulance_base,8861892ebdfffff,ward_86,11.73
synt_ambul_56,13.00642720831362,77.62061733274784,,ambulance_base,8861892ebdfffff,ward_61,11.39
synt_ambul_57,13.025336787135807,77.62537127506714,,ambulance_base,8861892cc9fffff,ward_107,12.5
synt_ambul_58,12.939506236123954,77.61118473675003,,ambulance_base,886189258dfffff,ward_77,11.96
synt_ambul_59,13.058721391225204,77.5604655065922,,ambulance_base,8860145967fffff,ward_151,11.16
synt_ambul_60,13.008562368643474,77.64518979475488,,ambulance_base,8861892ea9fffff,ward_153,6.29
synt_ambul_61,13.01523098435821,77.55388341778114,,ambulance_base,8860145b37fffff,ward_50,3.0
synt_ambul_62,12.976538161543553,77.63715856319683,,ambulance_base,8861892ec3fffff,ward_101,9.17
synt_ambul_63,12.949238822784514,77.61763669578627,,ambulance_base,88618925e3fffff,ward_129,7.44
synt_ambul_64,13.025921453489037,77.60436561059565,,ambulance_base,8861892cddfffff,ward_88,13.16
synt_ambul_65,13.012315751954258,77.59178463659474,,ambulance_base,8860145b67fffff,ward_45,3.0
synt_ambul_66,12.999361950662474,77.5882952064095,,ambulance_base,8860145b63fffff,ward_39,8.81
synt_ambul_67,12.990281939271323,77.52297180369952,,ambulance_base,886014580dfffff,ward_81,7.49
synt_ambul_68,12.989619425473101,77.61455549465816,,ambulance_base,8861892e95fffff,ward_34,6.37
synt_ambul_69,12.982498805180077,77.56371058233982,,ambulance_base,8860145b57fffff,ward_6,3.9
synt_ambul_70,13.008430891205045,77.52981140569759,,ambulance_base,8860145867fffff,ward_105,10.91
synt_ambul_71,12.896186003888172,77.5886388441605,,ambulance_base,88618924e3fffff,ward_154,6.5
synt_ambul_72,12.953139868609611,77.52598843026814,,ambulance_base,8860145a31fffff,ward_103,7.67
synt_ambul_73,12.971047832748125,77.57028452296271,,ambulance_base,8860145b51fffff,ward_5,3.0
synt_ambul_74,13.030536039543103,77.58698850613659,,ambulance_base,8861892c99fffff,ward_98,11.53
synt_ambul_75,13.016295642283541,77.61456137489084,,ambulance_base,8861892eb7fffff,ward_75,8.62
synt_ambul_76,12.99780293805775,77.59974278391431,,ambulance_base,8860145b69fffff,ward_7,9.28
synt_ambul_77,12.96908374854042,77.57216475233494,,ambulance_base,8860145b51fffff,ward_5,6.08
synt_ambul_78,12.996636067947534,77.59150317900327,,ambulance_base,8860145b6bfffff,ward_39,8.24
synt_ambul_79,13.114538445657342,77.60000296581737,,ambulance_base,8860169665fffff,,7.46
synt_ambul_80,12.958524583546287,77.53749372507932,,ambulance_base,8860145a3dfffff,ward_60,14.45
synt_ambul_81,12.926218152058293,77.6387822621716,,ambulance_base,886189251bfffff,ward_120,13.05
synt_ambul_82,12.946989589144607,77.61469378917809,,ambulance_base,88618925e3fffff,ward_77,12.35
synt_ambul_83,13.017162116145455,77.54837390422902,,ambulance_base,8860145959fffff,ward_50,7.71
synt_ambul_84,13.000964961889302,77.62126208377735,,ambulance_base,8861892eb9fffff,ward_89,7.95
synt_ambul_85,12.911628045059398,77.60607992780497,,ambulance_base,88618925d9fffff,ward_139,6.58
synt_ambul_86,13.032776453409632,77.57654204834066,,ambulance_base,8861892c9bfffff,ward_98,7.47
synt_ambul_87,12.962713838218901,77.56265026514951,,ambulance_base,8860145b5bfffff,ward_14,9.66
synt_ambul_88,12.882889803807053,77.54853443148716,,ambulance_base,8861892491fffff,ward_169,7.02
synt_ambul_89,13.000649527662699,77.52746694267948,,ambulance_base,8860145863fffff,ward_105,7.93
synt_ambul_90,12.981142333440065,77.61776407057846,,ambulance_base,8861892e99fffff,ward_44,12.67
synt_ambul_91,12.976645452079476,77.61686927103628,,ambulance_base,8861892e99fffff,ward_44,6.2
synt_ambul_92,12.936116431180048,77.5678233921423,,ambulance_base,8860145a45fffff,ward_62,5.56
synt_ambul_93,13.04013976102543,77.54590514665512,,ambulance_base,8860145909fffff,ward_114,3.0
synt_ambul_94,12.978732438544705,77.7315513030297,,ambulance_base,8861892199fffff,,10.59
synt_ambul_95,13.009938590016331,77.58662482582885,,ambulance_base,8860145b29fffff,ward_39,12.78
synt_ambul_96,12.923808270107234,77.56116965768814,,ambulance_base,8860145a41fffff,ward_91,12.68
synt_ambul_97,12.967336981319189,77.5333041284438,,ambulance_base,8860145a35fffff,ward_74,8.74
synt_ambul_98,12.950625652024323,77.59912982228563,,ambulance_base,8861892587fffff,ward_36,6.27
synt_ambul_99,12.949931015901463,77.59183926135752,,ambulance_base,88618925b9fffff,ward_32,13.82
synt_ambul_100,12.917601938168659,77.52694521740491,,ambulance_base,8860145a53fffff,ward_159,7.52
