ward_id,ward_num,ward_name,zone_name,area_sqm,area_sqkm,population_2011,density_2011,updated_population_2023,slum_percentage,centroid_lon,centroid_lat,mean_aqi,mean_electricity_kwh,mean_water_liters,mean_traffic_speed_kmph,green_cover_ratio,built_density_score,compactness_score,sprawl_index,electricity_stress_index,water_stress_index,sewage_stress_index,pollution_stress_index,mobility_stress_index,amenity_gap_score,transport_gap_score,resource_gap_score
ward_1,1,Kempegowda Ward,150-YELAHANKA,2063800.5875681788,2.0638005875681786,34783,16853.86,41587,10.45,77.575677986454,12.981173966894072,0.0,0.0,0.0,0.0,0.0,0.0,0.0,0.0,0.0,0.0,0.0,0.0,0.0,0.0,0.0,0.0
ward_2,2,Chowdeswari Ward,150-YELAHANKA,754380.1338753477,0.7543801338753476,36602,48519.31,43762,24.55,77.57728754158433,12.970482425625166,0.0,0.0,0.0,0.0,0.0,0.0,0.0,0.0,0.0,0.0,0.0,0.0,0.0,0.0,0.0,0.0
ward_3,3,Atturu,150-YELAHANKA,1309971.8540663754,1.3099718540663754,58129,44374.24,69500,23.33,77.56877743923056,12.981795343762906,0.0,0.0,0.0,0.0,0.0,0.0,0.0,0.0,0.0,0.0,0.0,0.0,0.0,0.0,0.0,0.0
ward_4,4,Yelahanka Satellite Town,150-YELAHANKA,4200543.062144555,4.200543062144555,41986,9995.37,50199,5.3,77.59289542993665,12.976822623437009,0.0,0.0,0.0,0.0,0.0,0.0,0.0,0.0,0.0,0.0,0.0,0.0,0.0,0.0,0.0,0.0
ward_5,5,Jakkuru,152-BYATARAYANAPURA,791815.2149816114,0.7918152149816113,52025,65703.46,62202,27.27,77.56605935226192,12.970313643799132,0.0,0.0,0.0,0.0,0.0,0.0,0.0,0.0,0.0,0.0,0.0,0.0,0.0,0.0,0.0,0.0
ward_6,6,Thanisandra,152-BYATARAYANAPURA,814291.0569605904,0.8142910569605905,71855,88242.4,85911,29.24,77.56395294475757,12.98325924341543,0.0,0.0,0.0,0.0,0.0,0.0,0.0,0.0,0.0,0.0,0.0,0.0,0.0,0.0,0.0,0.0
ward_7,7,Byatarayanapura,152-BYATARAYANAPURA,4617433.818510922,4.617433818510921,72154,15626.43,86269,9.85,77.58990396198023,12.991209681889488,0.0,0.0,0.0,0.0,0.0,0.0,0.0,0.0,0.0,0.0,0.0,0.0,0.0,0.0,0.0,0.0
ward_8,8,Kodigehalli,152-BYATARAYANAPURA,954846.2751092416,0.9548462751092416,47546,49794.4,56847,24.85,77.57100790905416,12.963668912936361,0.0,0.0,0.0,0.0,0.0,0.0,0.0,0.0,0.0,0.0,0.0,0.0,0.0,0.0,0.0,0.0
ward_9,9,Vidyaranyapura,152-BYATARAYANAPURA,841246.0917836998,0.8412460917836998,57195,67988.43,68383,27.58,77.57354406640482,12.996411021649624,0.0,0.0,0.0,0.0,0.0,0.0,0.0,0.0,0.0,0.0,0.0,0.0,0.0,0.0,0.0,0.0
ward_10,10,Dodda Bommasandra,152-BYATARAYANAPURA,1447978.1325407105,1.4479781325407104,36396,25135.74,43516,15.91,77.5872941414428,12.960848365832991,0.0,0.0,0.0,0.0,0.0,0.0,0.0,0.0,0.0,0.0,0.0,0.0,0.0,0.0,0.0,0.0
ward_11,11,Kuvempu Nagar,152-BYATARAYANAPURA,1441008.941664834,1.441008941664834,37128,25765.28,44391,16.36,77.57970790996212,12.958947479266824,0.0,0.0,0.0,0.0,0.0,0.0,0.0,0.0,0.0,0.0,0.0,0.0,0.0,0.0,0.0,0.0
ward_12,12,Shettihalli,155-DASARAHALLI,857503.7644861389,0.857503764486139,61071,71219.51,73018,27.88,77.55929931165947,12.97216337721322,0.0,0.0,0.0,0.0,0.0,0.0,0.0,0.0,0.0,0.0,0.0,0.0,0.0,0.0,0.0,0.0
ward_13,13,Mallasandra,155-DASARAHALLI,578965.5822239877,0.5789655822239876,41482,71648.47,49597,28.03,77.56296807386768,12.991747463542438,0.0,0.0,0.0,0.0,0.0,0.0,0.0,0.0,0.0,0.0,0.0,0.0,0.0,0.0,0.0,0.0
ward_14,14,Bagalakunte,155-DASARAHALLI,629052.2001665323,0.6290522001665323,65113,103509.69,77850,29.55,77.56256422314229,12.96409592202492,0.0,0.0,0.0,0.0,0.0,0.0,0.0,0.0,0.0,0.0,0.0,0.0,0.0,0.0,0.0,0.0
ward_15,15,T Dasarahalli,155-DASARAHALLI,1047022.8750952776,1.0470228750952775,33042,31558.05,39506,18.64,77.55802719206898,12.984963716667394,0.0,0.0,0.0,0.0,0.0,0.0,0.0,0.0,0.0,0.0,0.0,0.0,0.0,0.0,0.0,0.0
ward_16,16,Jalahalli,154-RAJARAJESHWARI NAGAR,815570.9647461572,0.8155709647461572,37959,46542.85,45384,23.94,77.57906156393832,13.001628443793978,0.0,0.0,0.0,0.0,0.0,0.0,0.0,0.0,0.0,0.0,0.0,0.0,0.0,0.0,0.0,0.0
ward_17,17,J P Park,154-RAJARAJESHWARI NAGAR,358776.9657056059,0.3587769657056059,49610,138275.32,59315,30.0,77.55560533792001,12.972426355747242,0.0,0.0,0.0,0.0,0.0,0.0,0.0,0.0,0.0,0.0,0.0,0.0,0.0,0.0,0.0,0.0
ward_18,18,Radhakrishna Temple Ward,158-HEBBAL,1066613.6532732705,1.0666136532732704,35122,32928.51,41993,19.39,77.56348245834438,12.957957391575068,0.0,0.0,0.0,0.0,0.0,0.0,0.0,0.0,0.0,0.0,0.0,0.0,0.0,0.0,0.0,0.0
ward_19,19,Sanjaya Nagar,158-HEBBAL,683569.6943361862,0.6835696943361862,32491,47531.36,38847,24.24,77.56051613531513,12.997426641765449,0.0,0.0,0.0,0.0,0.0,0.0,0.0,0.0,0.0,0.0,0.0,0.0,0.0,0.0,0.0,0.0
ward_20,20,Ganga Nagar,158-HEBBAL,328103.17108769296,0.32810317108769294,27361,83391.45,32713,28.94,77.55440306853286,12.965920292990184,0.0,0.0,0.0,0.0,0.0,0.0,0.0,0.0,0.0,0.0,0.0,0.0,0.0,0.0,0.0,0.0
ward_21,21,Hebbala,158-HEBBAL,5045319.370393719,5.0453193703937185,32516,6444.79,38877,1.97,77.6058982405604,12.96686750723714,0.0,0.0,0.0,0.0,0.0,0.0,0.0,0.0,0.0,0.0,0.0,0.0,0.0,0.0,0.0,0.0
ward_22,22,Vishwanath Nagenahalli,158-HEBBAL,1005248.5397938335,1.0052485397938336,51592,51322.63,61684,25.45,77.55081712797472,12.986687415762171,0.0,0.0,0.0,0.0,0.0,0.0,0.0,0.0,0.0,0.0,0.0,0.0,0.0,0.0,0.0,0.0
ward_23,23,Nagavara,160-SARVARGNA NAGAR,1211597.4461491131,1.211597446149113,60483,49920.05,72315,25.0,77.60878214003148,12.982698948808133,0.0,0.0,0.0,0.0,0.0,0.0,0.0,0.0,0.0,0.0,0.0,0.0,0.0,0.0,0.0,0.0
ward_24,24,HBR Layout,160-SARVARGNA NAGAR,1440608.0473686645,1.4406080473686644,58967,40932.02,70502,22.42,77.59939697176775,12.956106778429897,0.0,0.0,0.0,0.0,0.0,0.0,0.0,0.0,0.0,0.0,0.0,0.0,0.0,0.0,0.0,0.0
ward_25,25,Horamavu,151-K.R.PURA,2426184.8865644545,2.4261848865644544,95368,39307.8,114024,21.67,77.56964616261175,12.94931429407134,0.0,0.0,0.0,0.0,0.0,0.0,0.0,0.0,0.0,0.0,0.0,0.0,0.0,0.0,0.0,0.0
ward_26,26,Ramamurthy Nagar,151-K.R.PURA,1292513.3551282173,1.2925133551282173,47358,36640.24,56622,20.91,77.54715677142477,12.980113439950697,0.0,0.0,0.0,0.0,0.0,0.0,0.0,0.0,0.0,0.0,0.0,0.0,0.0,0.0,0.0,0.0
ward_27,27,Banasavadi,160-SARVARGNA NAGAR,1151544.6659252853,1.1515446659252853,51268,44521.07,61297,23.48,77.55156151525762,12.995026981053291,0.0,0.0,0.0,0.0,0.0,0.0,0.0,0.0,0.0,0.0,0.0,0.0,0.0,0.0,0.0,0.0
ward_28,28,Kammanahalli,160-SARVARGNA NAGAR,692948.6171322658,0.6929486171322659,47074,67932.89,56283,27.42,77.55845629236532,13.003133027362274,0.0,0.0,0.0,0.0,0.0,0.0,0.0,0.0,0.0,0.0,0.0,0.0,0.0,0.0,0.0,0.0
ward_29,29,Kacharkanahalli,160-SARVARGNA NAGAR,669551.7610081797,0.6695517610081797,33588,50164.9,40158,25.15,77.54728603926772,12.97236584992059,0.0,0.0,0.0,0.0,0.0,0.0,0.0,0.0,0.0,0.0,0.0,0.0,0.0,0.0,0.0,0.0
ward_30,30,Kadugondanahalli,160-SARVARGNA NAGAR,653077.9668439251,0.653077966843925,45748,70049.83,54697,27.73,77.5517948289974,12.960440513391937,0.0,0.0,0.0,0.0,0.0,0.0,0.0,0.0,0.0,0.0,0.0,0.0,0.0,0.0,0.0,0.0
ward_31,31,Kushal Nagar,159-PULAKESHI NAGAR (SC),2799849.9250516477,2.7998499250516478,41936,14977.95,50139,9.39,77.56367314869723,13.00772529112838,0.0,0.0,0.0,0.0,0.0,0.0,0.0,0.0,0.0,0.0,0.0,0.0,0.0,0.0,0.0,0.0
ward_32,32,Kaval Bairasandra,159-PULAKESHI NAGAR (SC),3125053.0231149625,3.1250530231149627,39334,12586.67,47028,7.27,77.58430303097877,12.945105684660884,0.0,0.0,0.0,0.0,0.0,0.0,0.0,0.0,0.0,0.0,0.0,0.0,0.0,0.0,0.0,0.0
ward_33,33,Manorayanapalya,158-HEBBAL,878376.9368438865,0.8783769368438865,47926,54562.0,57301,26.21,77.59909745996283,13.005924891713153,0.0,0.0,0.0,0.0,0.0,0.0,0.0,0.0,0.0,0.0,0.0,0.0,0.0,0.0,0.0,0.0
ward_34,34,Gangenahalli,158-HEBBAL,663613.5080315341,0.6636135080315342,24308,36629.75,29063,20.76,77.61145386460366,12.988876060703717,0.0,0.0,0.0,0.0,0.0,0.0,0.0,0.0,0.0,0.0,0.0,0.0,0.0,0.0,0.0,0.0
ward_35,35,Aramane Nagara,157-MALLESWARAM,294732.45894798986,0.2947324589479899,36738,124648.64,43925,29.85,77.54829418781904,12.96353595008776,0.0,0.0,0.0,0.0,0.0,0.0,0.0,0.0,0.0,0.0,0.0,0.0,0.0,0.0,0.0,0.0
ward_36,36,Mattikere,157-MALLESWARAM,1278213.994679142,1.278213994679142,37036,28974.8,44281,17.73,77.59644764244243,12.948134678876242,0.0,0.0,0.0,0.0,0.0,0.0,0.0,0.0,0.0,0.0,0.0,0.0,0.0,0.0,0.0,0.0
ward_37,37,Yeshwanthpura,154-RAJARAJESHWARI NAGAR,643079.8704656797,0.6430798704656797,41107,63922.08,49148,26.97,77.55354618088295,12.954239431139827,0.0,0.0,0.0,0.0,0.0,0.0,0.0,0.0,0.0,0.0,0.0,0.0,0.0,0.0,0.0,0.0
ward_38,38,HMT Ward,154-RAJARAJESHWARI NAGAR,814278.2758435138,0.8142782758435138,36879,45290.41,44093,23.79,77.54493152816202,12.968557766726896,0.0,0.0,0.0,0.0,0.0,0.0,0.0,0.0,0.0,0.0,0.0,0.0,0.0,0.0,0.0,0.0
ward_39,39,Chokkasandra,155-DASARAHALLI,7903777.186032147,7.903777186032147,59289,7501.35,70887,2.88,77.57732109738373,13.014529741918713,0.0,0.0,0.0,0.0,0.0,0.0,0.0,0.0,0.0,0.0,0.0,0.0,0.0,0.0,0.0,0.0
ward_40,40,Dodda Bidarakallu,153-YESHVANTHAPURA,934639.7556773488,0.9346397556773488,72794,77884.55,87034,28.33,77.5589549931391,12.948342020837146,0.0,0.0,0.0,0.0,0.0,0.0,0.0,0.0,0.0,0.0,0.0,0.0,0.0,0.0,0.0,0.0
ward_41,41,Peenya Industrial Area,155-DASARAHALLI,2268572.5626563975,2.2685725626563973,57814,25484.75,69123,16.21,77.61074741024593,12.99641066373879,0.0,0.0,0.0,0.0,0.0,0.0,0.0,0.0,0.0,0.0,0.0,0.0,0.0,0.0,0.0,0.0
ward_42,42,Lakshmi Devi Nagar,154-RAJARAJESHWARI NAGAR,770755.956046475,0.770755956046475,41352,53651.22,49441,26.06,77.5437404785765,12.991385746371689,0.0,0.0,0.0,0.0,0.0,0.0,0.0,0.0,0.0,0.0,0.0,0.0,0.0,0.0,0.0,0.0
ward_43,43,Nandini Layout,156-MAHALAXMI LAYOUT,1165164.8328848032,1.1651648328848032,51200,43942.28,61216,23.18,77.53970667447591,12.978410529788803,0.0,0.0,0.0,0.0,0.0,0.0,0.0,0.0,0.0,0.0,0.0,0.0,0.0,0.0,0.0,0.0
ward_44,44,Marappana Palya,156-MAHALAXMI LAYOUT,1913854.6618491982,1.913854661849198,40212,21011.0,48078,12.88,77.6194088057532,12.979784880957174,0.0,0.0,0.0,0.0,0.0,0.0,0.0,0.0,0.0,0.0,0.0,0.0,0.0,0.0,0.0,0.0
ward_45,45,Malleswaram,157-MALLESWARAM,1510964.0304205671,1.5109640304205672,34196,22631.91,40885,13.33,77.59328421528744,13.016288593679121,0.0,0.0,0.0,0.0,0.0,0.0,0.0,0.0,0.0,0.0,0.0,0.0,0.0,0.0,0.0,0.0
ward_46,46,Jayachamarajendra  Nagar,158-HEBBAL,1345989.48491613,1.34598948491613,31449,23364.97,37601,14.39,77.61639239997544,12.96251179111574,0.0,0.0,0.0,0.0,0.0,0.0,0.0,0.0,0.0,0.0,0.0,0.0,0.0,0.0,0.0,0.0
ward_47,47,Devara Jeevanahalli,159-PULAKESHI NAGAR (SC),744474.4704093966,0.7444744704093965,42135,56596.97,50377,26.36,77.54517900234974,12.955948998629836,0.0,0.0,0.0,0.0,0.0,0.0,0.0,0.0,0.0,0.0,0.0,0.0,0.0,0.0,0.0,0.0
ward_48,48,Muneshwara Nagar,159-PULAKESHI NAGAR (SC),1713716.2483188137,1.7137162483188138,35814,20898.44,42820,12.58,77.56420475237508,12.940170921981236,0.0,0.0,0.0,0.0,0.0,0.0,0.0,0.0,0.0,0.0,0.0,0.0,0.0,0.0,0.0,0.0
ward_49,49,Lingarajapura,160-SARVARGNA NAGAR,1863088.3812041485,1.8630883812041485,37955,20372.09,45380,12.12,77.60436932747866,13.011211869575918,0.0,0.0,0.0,0.0,0.0,0.0,0.0,0.0,0.0,0.0,0.0,0.0,0.0,0.0,0.0,0.0
ward_50,50,Benniganahalli,161-C.V. RAMAN NAGAR (SC),2678873.4626008533,2.6788734626008535,49094,18326.36,58698,11.06,77.54823264728267,13.006549785174224,0.0,0.0,0.0,0.0,0.0,0.0,0.0,0.0,0.0,0.0,0.0,0.0,0.0,0.0,0.0,0.0
ward_51,51,Vijnanapura,151-K.R.PURA,591080.9691875872,0.5910809691875871,46159,78092.52,55189,28.48,77.5516433023267,12.945803887201915,0.0,0.0,0.0,0.0,0.0,0.0,0.0,0.0,0.0,0.0,0.0,0.0,0.0,0.0,0.0,0.0
ward_52,52,K R Puram,151-K.R.PURA,451611.861766732,0.451611861766732,35168,77872.18,42047,28.18,77.6125767342246,12.951706236017461,0.0,0.0,0.0,0.0,0.0,0.0,0.0,0.0,0.0,0.0,0.0,0.0,0.0,0.0,0.0,0.0
ward_53,53,Basavanapura,151-K.R.PURA,1249453.9549006508,1.2494539549006507,48585,38884.99,58089,21.36,77.53776210009637,12.963296085980334,0.0,0.0,0.0,0.0,0.0,0.0,0.0,0.0,0.0,0.0,0.0,0.0,0.0,0.0,0.0,0.0
ward_54,54,Hudi,174-MAHADEVAPURA (SC),1229873.0867319142,1.229873086731914,50191,40809.9,60009,22.27,77.5352690311616,12.987269898498266,0.0,0.0,0.0,0.0,0.0,0.0,0.0,0.0,0.0,0.0,0.0,0.0,0.0,0.0,0.0,0.0
ward_55,55,Devasandra,151-K.R.PURA,1368352.6433046581,1.3683526433046582,33946,24807.93,40586,15.3,77.60478797605822,12.941120265606774,0.0,0.0,0.0,0.0,0.0,0.0,0.0,0.0,0.0,0.0,0.0,0.0,0.0,0.0,0.0,0.0
ward_56,56,A Narayanapura,151-K.R.PURA,1024892.1929102562,1.0248921929102561,43443,42387.87,51941,23.03,77.58935310781382,13.02259910470835,0.0,0.0,0.0,0.0,0.0,0.0,0.0,0.0,0.0,0.0,0.0,0.0,0.0,0.0,0.0,0.0
ward_57,57,C V Raman Nagar,161-C.V. RAMAN NAGAR (SC),545530.7389927045,0.5455307389927045,58815,107812.44,70320,29.7,77.6061383071414,13.014913254846984,0.0,0.0,0.0,0.0,0.0,0.0,0.0,0.0,0.0,0.0,0.0,0.0,0.0,0.0,0.0,0.0
ward_58,58,New Tippasandara,161-C.V. RAMAN NAGAR (SC),1536105.7038022832,1.5361057038022832,43983,28632.8,52587,17.42,77.59597305770255,12.936166651628053,0.0,0.0,0.0,0.0,0.0,0.0,0.0,0.0,0.0,0.0,0.0,0.0,0.0,0.0,0.0,0.0
ward_59,59,Maruthi Seva Nagar,160-SARVARGNA NAGAR,1061540.793571959,1.061540793571959,40362,38022.09,48258,21.21,77.54509677692228,12.947279015056454,0.0,0.0,0.0,0.0,0.0,0.0,0.0,0.0,0.0,0.0,0.0,0.0,0.0,0.0,0.0,0.0
ward_60,60,Sagayarapuram,159-PULAKESHI NAGAR (SC),698312.8712376393,0.6983128712376393,35334,50599.1,42246,25.3,77.53877418354217,12.955966578746306,0.0,0.0,0.0,0.0,0.0,0.0,0.0,0.0,0.0,0.0,0.0,0.0,0.0,0.0,0.0,0.0
ward_61,61,S K Garden,159-PULAKESHI NAGAR (SC),845185.0729910587,0.8451850729910587,38050,45019.73,45493,23.64,77.61681478472309,13.005694616911708,0.0,0.0,0.0,0.0,0.0,0.0,0.0,0.0,0.0,0.0,0.0,0.0,0.0,0.0,0.0,0.0
ward_62,62,Ramaswamy Palya,162-SHIVAJI NAGAR,919518.7303413514,0.9195187303413513,34394,37404.35,41122,21.06,77.56337809956557,12.934075293327039,0.0,0.0,0.0,0.0,0.0,0.0,0.0,0.0,0.0,0.0,0.0,0.0,0.0,0.0,0.0,0.0
ward_63,63,Jayamahal,162-SHIVAJI NAGAR,1055962.9261026422,1.0559629261026422,21728,20576.48,25978,12.27,77.5322792129528,12.973027917722668,0.0,0.0,0.0,0.0,0.0,0.0,0.0,0.0,0.0,0.0,0.0,0.0,0.0,0.0,0.0,0.0
ward_64,64,Rajamahal Guttahalli,157-MALLESWARAM,2016925.5186864391,2.016925518686439,31118,15428.43,37205,9.55,77.57595176591812,12.931344251420521,0.0,0.0,0.0,0.0,0.0,0.0,0.0,0.0,0.0,0.0,0.0,0.0,0.0,0.0,0.0,0.0
ward_65,65,Kadu Malleshwar Ward,157-MALLESWARAM,898382.5188739504,0.8983825188739504,35609,39636.79,42575,21.82,77.54064673498875,13.007736564620803,0.0,0.0,0.0,0.0,0.0,0.0,0.0,0.0,0.0,0.0,0.0,0.0,0.0,0.0,0.0,0.0
ward_66,66,Subramanya Nagar,157-MALLESWARAM,843860.5345517076,0.8438605345517075,35709,42316.23,42694,22.88,77.55927821754524,13.02254849955573,0.0,0.0,0.0,0.0,0.0,0.0,0.0,0.0,0.0,0.0,0.0,0.0,0.0,0.0,0.0,0.0
ward_67,67,Nagapura,156-MAHALAXMI LAYOUT,532077.2266763949,0.5320772266763949,34574,64979.29,41337,27.12,77.61105847988377,13.015309528743249,0.0,0.0,0.0,0.0,0.0,0.0,0.0,0.0,0.0,0.0,0.0,0.0,0.0,0.0,0.0,0.0
ward_68,68,Mahalakshimpuram,156-MAHALAXMI LAYOUT,719185.1750198342,0.7191851750198341,44615,62035.48,53343,26.67,77.53349799508875,12.997973944630933,0.0,0.0,0.0,0.0,0.0,0.0,0.0,0.0,0.0,0.0,0.0,0.0,0.0,0.0,0.0,0.0
ward_69,69,Laggere,154-RAJARAJESHWARI NAGAR,1967800.0941583472,1.9678000941583473,57077,29005.49,68242,17.88,77.62791961985718,12.969512094676087,0.0,0.0,0.0,0.0,0.0,0.0,0.0,0.0,0.0,0.0,0.0,0.0,0.0,0.0,0.0,0.0
ward_70,70,Rajagopal Nagar,155-DASARAHALLI,778025.1694249479,0.7780251694249479,61479,79019.29,73505,28.64,77.53191722167644,12.994440946201589,0.0,0.0,0.0,0.0,0.0,0.0,0.0,0.0,0.0,0.0,0.0,0.0,0.0,0.0,0.0,0.0
ward_71,71,Hegganahalli,155-DASARAHALLI,721699.3268665457,0.7216993268665457,66314,91885.91,79286,29.39,77.59635065495829,13.025536345678196,0.0,0.0,0.0,0.0,0.0,0.0,0.0,0.0,0.0,0.0,0.0,0.0,0.0,0.0,0.0,0.0
ward_72,72,Herohalli,153-YESHVANTHAPURA,1166293.6369029083,1.1662936369029084,62272,53393.07,74454,25.91,77.59230513236544,12.929697969542385,0.0,0.0,0.0,0.0,0.0,0.0,0.0,0.0,0.0,0.0,0.0,0.0,0.0,0.0,0.0,0.0
ward_73,73,Kottegepalya,154-RAJARAJESHWARI NAGAR,1415982.8436020524,1.4159828436020525,68922,48674.32,82404,24.7,77.54774794852203,12.938686738185062,0.0,0.0,0.0,0.0,0.0,0.0,0.0,0.0,0.0,0.0,0.0,0.0,0.0,0.0,0.0,0.0
ward_74,74,Shakthi Ganapathi Nagar,156-MAHALAXMI LAYOUT,827348.9496576044,0.8273489496576044,43844,52993.36,52421,25.76,77.52872394709058,12.968734033498238,0.0,0.0,0.0,0.0,0.0,0.0,0.0,0.0,0.0,0.0,0.0,0.0,0.0,0.0,0.0,0.0
ward_75,75,Shankar Matt,156-MAHALAXMI LAYOUT,583625.0959046973,0.5836250959046974,48734,83502.24,58267,29.09,77.6154526772662,13.016239331219833,0.0,0.0,0.0,0.0,0.0,0.0,0.0,0.0,0.0,0.0,0.0,0.0,0.0,0.0,0.0,0.0
ward_76,76,Gayithri Nagar,157-MALLESWARAM,1582632.1942954352,1.5826321942954351,33236,21000.46,39738,12.73,77.54404480806397,13.018554096937223,0.0,0.0,0.0,0.0,0.0,0.0,0.0,0.0,0.0,0.0,0.0,0.0,0.0,0.0,0.0,0.0
ward_77,77,Dattatreya Temple,164-GANDHI NAGAR,2783377.7284514653,2.783377728451465,33388,11995.5,39919,6.67,77.61546128329199,12.939293491691672,0.0,0.0,0.0,0.0,0.0,0.0,0.0,0.0,0.0,0.0,0.0,0.0,0.0,0.0,0.0,0.0
ward_78,78,Pulikeshinagar,159-PULAKESHI NAGAR (SC),906308.9344748657,0.9063089344748657,28835,31815.86,34476,18.94,77.53300769971236,13.005547467850194,0.0,0.0,0.0,0.0,0.0,0.0,0.0,0.0,0.0,0.0,0.0,0.0,0.0,0.0,0.0,0.0
ward_79,79,Sarvagna Nagar,161-C.V. RAMAN NAGAR (SC),1361947.436892095,1.361947436892095,37291,27380.65,44586,16.82,77.52541719817421,12.981143119191362,0.0,0.0,0.0,0.0,0.0,0.0,0.0,0.0,0.0,0.0,0.0,0.0,0.0,0.0,0.0,0.0
ward_80,80,Hoysala Nagar,161-C.V. RAMAN NAGAR (SC),4244404.011408618,4.2444040114086174,35228,8299.87,42119,3.94,77.6317754307626,12.990447063247604,0.0,0.0,0.0,0.0,0.0,0.0,0.0,0.0,0.0,0.0,0.0,0.0,0.0,0.0,0.0,0.0
ward_81,81,Vijnana Nagar,151-K.R.PURA,903339.1524985655,0.9033391524985654,57062,63167.86,68224,26.82,77.52583648788453,12.989131487745995,0.0,0.0,0.0,0.0,0.0,0.0,0.0,0.0,0.0,0.0,0.0,0.0,0.0,0.0,0.0,0.0
ward_82,82,Garudachar Playa,174-MAHADEVAPURA (SC),611456.7960363524,0.6114567960363524,49631,81168.45,59340,28.79,77.61966655595133,13.014481317446629,0.0,0.0,0.0,0.0,0.0,0.0,0.0,0.0,0.0,0.0,0.0,0.0,0.0,0.0,0.0,0.0
ward_83,83,Kadugodi,174-MAHADEVAPURA (SC),1253676.910968038,1.2536769109680381,43942,35050.5,52538,20.3,77.52881683238185,12.957336187991254,0.0,0.0,0.0,0.0,0.0,0.0,0.0,0.0,0.0,0.0,0.0,0.0,0.0,0.0,0.0,0.0
ward_84,84,Hagadur,174-MAHADEVAPURA (SC),2020227.675971961,2.0202276759719613,50556,25024.9,60446,15.61,77.53490306534177,12.94493731385367,0.0,0.0,0.0,0.0,0.0,0.0,0.0,0.0,0.0,0.0,0.0,0.0,0.0,0.0,0.0,0.0
ward_85,85,Dodda Nekkundi,174-MAHADEVAPURA (SC),1901983.7375911544,1.9019837375911544,63083,33166.95,75423,20.0,77.55015786847399,12.930933313117258,0.0,0.0,0.0,0.0,0.0,0.0,0.0,0.0,0.0,0.0,0.0,0.0,0.0,0.0,0.0,0.0
ward_86,86,Marathahalli,174-MAHADEVAPURA (SC),1200597.1907331878,1.2005971907331878,39768,33123.52,47547,19.85,77.62577606187003,13.008814672371381,0.0,0.0,0.0,0.0,0.0,0.0,0.0,0.0,0.0,0.0,0.0,0.0,0.0,0.0,0.0,0.0
ward_87,87,HAL Airport,151-K.R.PURA,1744881.8178880315,1.7448818178880314,39926,22881.78,47736,13.79,77.60778840003366,12.930193850912287,0.0,0.0,0.0,0.0,0.0,0.0,0.0,0.0,0.0,0.0,0.0,0.0,0.0,0.0,0.0,0.0
ward_88,88,Jeevanbhima Nagar,161-C.V. RAMAN NAGAR (SC),1710972.9959193273,1.7109729959193272,38251,22356.29,45734,13.18,77.60852663320586,13.026204901311587,0.0,0.0,0.0,0.0,0.0,0.0,0.0,0.0,0.0,0.0,0.0,0.0,0.0,0.0,0.0,0.0
ward_89,89,Jogupalya,163-SHANTI NAGAR,2311956.377215608,2.311956377215608,33793,14616.63,40404,8.64,77.63127012924065,12.999269814513658,0.0,0.0,0.0,0.0,0.0,0.0,0.0,0.0,0.0,0.0,0.0,0.0,0.0,0.0,0.0,0.0
ward_90,90,Halsoor,162-SHIVAJI NAGAR,1406613.0911243209,1.4066130911243209,35090,24946.45,41954,15.45,77.59190514693078,13.033424530568725,0.0,0.0,0.0,0.0,0.0,0.0,0.0,0.0,0.0,0.0,0.0,0.0,0.0,0.0,0.0,0.0
ward_91,91,Bharathi Nagar,162-SHIVAJI NAGAR,1789829.590579285,1.7898295905792851,32689,18263.75,39084,10.91,77.56005233577483,12.924246353969817,0.0,0.0,0.0,0.0,0.0,0.0,0.0,0.0,0.0,0.0,0.0,0.0,0.0,0.0,0.0,0.0
ward_92,92,Shivaji Nagar,162-SHIVAJI NAGAR,709091.6102149262,0.7090916102149262,37506,52893.02,44843,25.61,77.52173775681312,12.972990797635367,0.0,0.0,0.0,0.0,0.0,0.0,0.0,0.0,0.0,0.0,0.0,0.0,0.0,0.0,0.0,0.0
ward_93,93,Vasanth Nagar,162-SHIVAJI NAGAR,3122848.7916861456,3.1228487916861454,22815,7305.83,27278,2.58,77.58160967079925,12.920817283532157,0.0,0.0,0.0,0.0,0.0,0.0,0.0,0.0,0.0,0.0,0.0,0.0,0.0,0.0,0.0,0.0
ward_94,94,Gandhinagar,164-GANDHI NAGAR,1030701.3300955201,1.0307013300955201,31208,30278.41,37313,18.33,77.53404086015256,13.01484128299356,0.0,0.0,0.0,0.0,0.0,0.0,0.0,0.0,0.0,0.0,0.0,0.0,0.0,0.0,0.0,0.0
ward_95,95,Subhash Nagar,164-GANDHI NAGAR,948542.4908567129,0.9485424908567129,37693,39737.81,45066,21.97,77.59873631540812,12.923642647600726,0.0,0.0,0.0,0.0,0.0,0.0,0.0,0.0,0.0,0.0,0.0,0.0,0.0,0.0,0.0,0.0
ward_96,96,Okalipuram,164-GANDHI NAGAR,1206528.2447814227,1.2065282447814227,38110,31586.5,45565,18.79,77.56834159903991,12.921115191483395,0.0,0.0,0.0,0.0,0.0,0.0,0.0,0.0,0.0,0.0,0.0,0.0,0.0,0.0,0.0,0.0
ward_97,97,Dayananda Nagar,165-RAJAJI NAGAR,765168.7069813897,0.7651687069813896,35721,46683.82,42709,24.09,77.6033307875998,13.031570357902538,0.0,0.0,0.0,0.0,0.0,0.0,0.0,0.0,0.0,0.0,0.0,0.0,0.0,0.0,0.0,0.0
ward_98,98,Prakash Nagar,165-RAJAJI NAGAR,3153175.4915743587,3.1531754915743586,32913,10438.05,39351,5.61,77.58155857336469,13.03684686637593,0.0,0.0,0.0,0.0,0.0,0.0,0.0,0.0,0.0,0.0,0.0,0.0,0.0,0.0,0.0,0.0
ward_99,99,Rajaji Nagar,165-RAJAJI NAGAR,1128637.4983144961,1.1286374983144962,33084,29313.22,39556,18.03,77.55209432647327,13.030777247194102,0.0,0.0,0.0,0.0,0.0,0.0,0.0,0.0,0.0,0.0,0.0,0.0,0.0,0.0,0.0,0.0
ward_100,100,Basaveshwara Nagar,165-RAJAJI NAGAR,928253.0623714022,0.9282530623714021,30333,32677.51,36267,19.24,77.5621725124233,13.035428835235669,0.0,0.0,0.0,0.0,0.0,0.0,0.0,0.0,0.0,0.0,0.0,0.0,0.0,0.0,0.0,0.0
ward_101,101,Kamakshipalya,165-RAJAJI NAGAR,2169139.9060141235,2.1691399060141237,30051,13853.88,35930,8.18,77.63883140352154,12.978426399908502,0.0,0.0,0.0,0.0,0.0,0.0,0.0,0.0,0.0,0.0,0.0,0.0,0.0,0.0,0.0,0.0
ward_102,102,Vrisabhavathi Nagar,156-MAHALAXMI LAYOUT,2196646.82598434,2.1966468259843404,50893,23168.49,60849,14.09,77.57074758477421,13.038139135465638,0.0,0.0,0.0,0.0,0.0,0.0,0.0,0.0,0.0,0.0,0.0,0.0,0.0,0.0,0.0,0.0
ward_103,103,Kaveripura,166-GOVINDRAJA NAGAR,905552.4692640009,0.9055524692640009,53532,59115.29,64004,26.52,77.52358088828917,12.954665103884402,0.0,0.0,0.0,0.0,0.0,0.0,0.0,0.0,0.0,0.0,0.0,0.0,0.0,0.0,0.0,0.0
ward_104,104,Govindaraja Nagar,166-GOVINDRAJA NAGAR,1122522.141833327,1.122522141833327,26873,23939.84,32130,14.85,77.62786266832941,12.942696157001004,0.0,0.0,0.0,0.0,0.0,0.0,0.0,0.0,0.0,0.0,0.0,0.0,0.0,0.0,0.0,0.0
ward_105,105,Agrahara Dasarahalli,166-GOVINDRAJA NAGAR,1176324.167996651,1.176324167996651,28355,24104.75,33902,15.0,77.52418446461782,13.003864539093257,0.0,0.0,0.0,0.0,0.0,0.0,0.0,0.0,0.0,0.0,0.0,0.0,0.0,0.0,0.0,0.0
ward_106,106,Dr. Raj Kumar Ward,166-GOVINDRAJA NAGAR,2142383.667073516,2.142383667073516,24181,11286.96,28911,5.91,77.63810612209816,12.964980710064772,0.0,0.0,0.0,0.0,0.0,0.0,0.0,0.0,0.0,0.0,0.0,0.0,0.0,0.0,0.0,0.0
ward_107,107,Shivanagara,165-RAJAJI NAGAR,1568106.4528760323,1.5681064528760322,36461,23251.61,43593,14.24,77.62124619378876,13.022775162560293,0.0,0.0,0.0,0.0,0.0,0.0,0.0,0.0,0.0,0.0,0.0,0.0,0.0,0.0,0.0,0.0
ward_108,108,Sriramamandir,165-RAJAJI NAGAR,1626884.8195085227,1.6268848195085228,33866,20816.47,40491,12.42,77.53450310898292,13.022179281696701,0.0,0.0,0.0,0.0,0.0,0.0,0.0,0.0,0.0,0.0,0.0,0.0,0.0,0.0,0.0,0.0
ward_109,109,Chickpete,164-GANDHI NAGAR,848437.663574852,0.8484376635748521,33292,39239.18,39805,21.52,77.60145402864443,12.919161748077938,0.0,0.0,0.0,0.0,0.0,0.0,0.0,0.0,0.0,0.0,0.0,0.0,0.0,0.0,0.0,0.0
ward_110,110,Sampangiram Nagar,162-SHIVAJI NAGAR,776718.4916296845,0.7767184916296844,27504,35410.51,32884,20.45,77.63511154543562,13.007991136274118,0.0,0.0,0.0,0.0,0.0,0.0,0.0,0.0,0.0,0.0,0.0,0.0,0.0,0.0,0.0,0.0
ward_111,111,Shantala Nagar,163-SHANTI NAGAR,3469156.9034746005,3.4691569034746004,22995,6628.41,27493,2.27,77.5159648152293,12.987017825217496,0.0,0.0,0.0,0.0,0.0,0.0,0.0,0.0,0.0,0.0,0.0,0.0,0.0,0.0,0.0,0.0
ward_112,112,Domlur,163-SHANTI NAGAR,1297791.6909189792,1.2977916909189793,30638,23607.79,36631,14.55,77.53941774205202,12.92854451975566,0.0,0.0,0.0,0.0,0.0,0.0,0.0,0.0,0.0,0.0,0.0,0.0,0.0,0.0,0.0,0.0
ward_113,113,Konena Agrahara,161-C.V. RAMAN NAGAR (SC),1153896.192164498,1.153896192164498,38108,33025.5,45563,19.7,77.60286707344521,13.037583821106214,0.0,0.0,0.0,0.0,0.0,0.0,0.0,0.0,0.0,0.0,0.0,0.0,0.0,0.0,0.0,0.0
ward_114,114,Agaram,163-SHANTI NAGAR,1627736.1579941497,1.6277361579941496,36916,22679.35,44137,13.48,77.5530803606954,13.03741235254897,0.0,0.0,0.0,0.0,0.0,0.0,0.0,0.0,0.0,0.0,0.0,0.0,0.0,0.0,0.0,0.0
ward_115,115,Vannarpet,163-SHANTI NAGAR,2295845.0700243223,2.2958450700243223,37060,16142.2,44310,10.15,77.5180881785229,12.95647989629717,0.0,0.0,0.0,0.0,0.0,0.0,0.0,0.0,0.0,0.0,0.0,0.0,0.0,0.0,0.0,0.0
ward_116,116,Nilasandra,163-SHANTI NAGAR,1002752.5822046814,1.0027525822046814,48534,48400.77,58028,24.39,77.52374459057539,13.012510038207516,0.0,0.0,0.0,0.0,0.0,0.0,0.0,0.0,0.0,0.0,0.0,0.0,0.0,0.0,0.0,0.0
ward_117,117,Shanthi Nagar,163-SHANTI NAGAR,997878.4701034406,0.9978784701034406,42095,42184.5,50330,22.58,77.54618230933552,12.921556053295395,0.0,0.0,0.0,0.0,0.0,0.0,0.0,0.0,0.0,0.0,0.0,0.0,0.0,0.0,0.0,0.0
ward_118,118,Sudham Nagara,169-CHICKPET,680444.2689377255,0.6804442689377255,28784,42301.77,34415,22.73,77.61436240010501,12.922388635645166,0.0,0.0,0.0,0.0,0.0,0.0,0.0,0.0,0.0,0.0,0.0,0.0,0.0,0.0,0.0,0.0
ward_119,119,Dharmaraya Swamy Temple wa,169-CHICKPET,743971.8540970088,0.7439718540970088,27076,36393.85,32373,20.61,77.5695571407775,12.912512135718641,0.0,0.0,0.0,0.0,0.0,0.0,0.0,0.0,0.0,0.0,0.0,0.0,0.0,0.0,0.0,0.0
ward_120,120,Cottonpete,164-GANDHI NAGAR,3119557.146487304,3.119557146487304,37344,11970.93,44649,6.52,77.62837848183501,12.933650669392291,0.0,0.0,0.0,0.0,0.0,0.0,0.0,0.0,0.0,0.0,0.0,0.0,0.0,0.0,0.0,0.0
ward_121,121,Binnipete,164-GANDHI NAGAR,1871341.816425747,1.871341816425747,37354,19961.08,44661,11.97,77.63221275255206,13.019714659629228,0.0,0.0,0.0,0.0,0.0,0.0,0.0,0.0,0.0,0.0,0.0,0.0,0.0,0.0,0.0,0.0
ward_122,122,Kempapura Agrahara,167-VIJAYA NAGAR,1859846.3132705414,1.8598463132705414,40032,21524.36,47863,13.03,77.59481788659576,12.912088432434349,0.0,0.0,0.0,0.0,0.0,0.0,0.0,0.0,0.0,0.0,0.0,0.0,0.0,0.0,0.0,0.0
ward_123,123,Vijayanagar,167-VIJAYA NAGAR,1595068.8529487716,1.5950688529487715,40331,25284.8,48220,16.06,77.61682752197686,13.035434780380085,0.0,0.0,0.0,0.0,0.0,0.0,0.0,0.0,0.0,0.0,0.0,0.0,0.0,0.0,0.0,0.0
ward_124,124,Hosahalli,167-VIJAYA NAGAR,1312548.4912020804,1.3125484912020804,37347,28453.81,44653,17.27,77.52060496747707,12.942319237898813,0.0,0.0,0.0,0.0,0.0,0.0,0.0,0.0,0.0,0.0,0.0,0.0,0.0,0.0,0.0,0.0
ward_125,125,Marenahalli,166-GOVINDRAJA NAGAR,1885023.7509695948,1.8850237509695948,21171,11231.16,25312,5.76,77.58436463359794,12.909359638285459,0.0,0.0,0.0,0.0,0.0,0.0,0.0,0.0,0.0,0.0,0.0,0.0,0.0,0.0,0.0,0.0
ward_126,126,Maruthi Mandir ward,166-GOVINDRAJA NAGAR,1810889.8478004853,1.8108898478004853,29319,16190.38,35054,10.3,77.6115414971994,12.91560135102508,0.0,0.0,0.0,0.0,0.0,0.0,0.0,0.0,0.0,0.0,0.0,0.0,0.0,0.0,0.0,0.0
ward_127,127,Mudalapalya,166-GOVINDRAJA NAGAR,5485194.425632322,5.485194425632322,43729,7972.19,52283,3.64,77.53241391919671,13.031759007135355,0.0,0.0,0.0,0.0,0.0,0.0,0.0,0.0,0.0,0.0,0.0,0.0,0.0,0.0,0.0,0.0
ward_128,128,Nagarabhavi,166-GOVINDRAJA NAGAR,1564510.0957317916,1.5645100957317917,35780,22869.78,42779,13.64,77.55571469956026,12.911157544391154,0.0,0.0,0.0,0.0,0.0,0.0,0.0,0.0,0.0,0.0,0.0,0.0,0.0,0.0,0.0,0.0
ward_129,129,Jnana Bharathi ward,154-RAJARAJESHWARI NAGAR,10475227.420963284,10.475227420963284,68132,6504.11,81460,2.12,77.64040196256828,12.941505440928541,0.0,0.0,0.0,0.0,0.0,0.0,0.0,0.0,0.0,0.0,0.0,0.0,0.0,0.0,0.0,0.0
ward_130,130,Ullalu,153-YESHVANTHAPURA,1955810.8536652096,1.9558108536652097,58199,29756.97,69584,18.18,77.64979428790328,12.964676978877774,0.0,0.0,0.0,0.0,0.0,0.0,0.0,0.0,0.0,0.0,0.0,0.0,0.0,0.0,0.0,0.0
ward_131,131,Nayandahalli,166-GOVINDRAJA NAGAR,1613316.5255080229,1.6133165255080228,42785,26519.9,51155,16.52,77.6409977148844,13.015824769138458,0.0,0.0,0.0,0.0,0.0,0.0,0.0,0.0,0.0,0.0,0.0,0.0,0.0,0.0,0.0,0.0
ward_132,132,Attiguppe,167-VIJAYA NAGAR,1748081.3081333267,1.7480813081333266,41487,23732.88,49603,14.7,77.51049170184571,13.003581535966738,0.0,0.0,0.0,0.0,0.0,0.0,0.0,0.0,0.0,0.0,0.0,0.0,0.0,0.0,0.0,0.0
ward_133,133,Hampi Nagar,167-VIJAYA NAGAR,1028736.6032122412,1.0287366032122411,35113,34132.16,41982,20.15,77.51369769555669,13.011624590413447,0.0,0.0,0.0,0.0,0.0,0.0,0.0,0.0,0.0,0.0,0.0,0.0,0.0,0.0,0.0,0.0
ward_134,134,Bapuji Nagar,167-VIJAYA NAGAR,6711067.531160504,6.711067531160504,49484,7373.49,59164,2.73,77.59588138805204,13.049917236424417,0.0,0.0,0.0,0.0,0.0,0.0,0.0,0.0,0.0,0.0,0.0,0.0,0.0,0.0,0.0,0.0
ward_135,135,Padarayanapura,168-CHAMARAJPET,1633408.40066079,1.63340840066079,37599,23018.74,44954,13.94,77.56190563280846,12.906294983934405,0.0,0.0,0.0,0.0,0.0,0.0,0.0,0.0,0.0,0.0,0.0,0.0,0.0,0.0,0.0,0.0
ward_136,136,Jagajivanaramnagar,168-CHAMARAJPET,10274601.447165208,10.274601447165209,38639,3760.63,46197,0.3,77.51299501512145,12.944524053218652,0.0,0.0,0.0,0.0,0.0,0.0,0.0,0.0,0.0,0.0,0.0,0.0,0.0,0.0,0.0,0.0
ward_137,137,Rayapuram,168-CHAMARAJPET,1927569.4314298076,1.9275694314298075,36039,18696.6,43089,11.36,77.54661318563215,12.911007932349266,0.0,0.0,0.0,0.0,0.0,0.0,0.0,0.0,0.0,0.0,0.0,0.0,0.0,0.0,0.0,0.0
ward_138,138,Chalavadipalya,168-CHAMARAJPET,2174514.866569584,2.174514866569584,24801,11405.3,29653,6.06,77.62839204190541,12.921804170112964,0.0,0.0,0.0,0.0,0.0,0.0,0.0,0.0,0.0,0.0,0.0,0.0,0.0,0.0,0.0,0.0
ward_139,139,K R Market,168-CHAMARAJPET,1061566.2610550132,1.0615662610550132,29344,27642.17,35084,16.97,77.60866180938135,12.909238386626113,0.0,0.0,0.0,0.0,0.0,0.0,0.0,0.0,0.0,0.0,0.0,0.0,0.0,0.0,0.0,0.0
ward_140,140,Chamrajapet,168-CHAMARAJPET,3559238.782241578,3.5592387822415783,32213,9050.53,38514,4.7,77.50375563638686,12.98402781334523,0.0,0.0,0.0,0.0,0.0,0.0,0.0,0.0,0.0,0.0,0.0,0.0,0.0,0.0,0.0,0.0
ward_141,141,Azad Nagar,168-CHAMARAJPET,2285268.375939188,2.285268375939188,38825,16989.25,46420,10.61,77.65232868743473,12.95589005896146,0.0,0.0,0.0,0.0,0.0,0.0,0.0,0.0,0.0,0.0,0.0,0.0,0.0,0.0,0.0,0.0
ward_142,142,Sunkenahalli,169-CHICKPET,2480079.699463584,2.480079699463584,34666,13977.78,41447,8.33,77.57407704032276,13.055148642713734,0.0,0.0,0.0,0.0,0.0,0.0,0.0,0.0,0.0,0.0,0.0,0.0,0.0,0.0,0.0,0.0
ward_143,143,Vishveshwara Puram,169-CHICKPET,3689595.503132354,3.689595503132354,32462,8798.25,38812,4.39,77.63155429463954,13.034894317880267,0.0,0.0,0.0,0.0,0.0,0.0,0.0,0.0,0.0,0.0,0.0,0.0,0.0,0.0,0.0,0.0
ward_144,144,Siddapura,169-CHICKPET,3979835.1015130165,3.9798351015130167,34879,8763.93,41702,4.24,77.65302225637939,13.000966785891524,0.0,0.0,0.0,0.0,0.0,0.0,0.0,0.0,0.0,0.0,0.0,0.0,0.0,0.0,0.0,0.0
ward_145,145,Hombegowda Nagara,169-CHICKPET,2088272.9334491512,2.088272933449151,38309,18344.82,45803,11.21,77.51804245945634,13.025957630882061,0.0,0.0,0.0,0.0,0.0,0.0,0.0,0.0,0.0,0.0,0.0,0.0,0.0,0.0,0.0,0.0
ward_146,146,Lakkasandra,172-B.T.M. LAYOUT,3405320.760999294,3.405320760999294,30667,9005.61,36666,4.55,77.65640162177101,12.976422036255977,0.0,0.0,0.0,0.0,0.0,0.0,0.0,0.0,0.0,0.0,0.0,0.0,0.0,0.0,0.0,0.0
ward_147,147,Adugodi,172-B.T.M. LAYOUT,1226679.7084365394,1.2266797084365395,34299,27960.84,41009,17.12,77.56820772502077,12.901697916191976,0.0,0.0,0.0,0.0,0.0,0.0,0.0,0.0,0.0,0.0,0.0,0.0,0.0,0.0,0.0,0.0
ward_148,148,Ejipura,172-B.T.M. LAYOUT,3029500.2538567907,3.029500253856791,47004,15515.43,56199,9.7,77.65658955384096,12.987726783134109,0.0,0.0,0.0,0.0,0.0,0.0,0.0,0.0,0.0,0.0,0.0,0.0,0.0,0.0,0.0,0.0
ward_149,149,Varthuru,174-MAHADEVAPURA (SC),1353908.9764638217,1.3539089764638217,54625,40346.14,65311,22.12,77.57720543682052,12.899884372631698,0.0,0.0,0.0,0.0,0.0,0.0,0.0,0.0,0.0,0.0,0.0,0.0,0.0,0.0,0.0,0.0
ward_150,150,Bellanduru,174-MAHADEVAPURA (SC),5473991.502827782,5.473991502827782,80180,14647.45,95865,8.94,77.53933911676253,13.046423575269323,0.0,0.0,0.0,0.0,0.0,0.0,0.0,0.0,0.0,0.0,0.0,0.0,0.0,0.0,0.0,0.0
ward_151,151,Koramangala,172-B.T.M. LAYOUT,4434349.980467449,4.434349980467449,38316,8640.73,45811,4.09,77.5595778302366,13.055416986102191,0.0,0.0,0.0,0.0,0.0,0.0,0.0,0.0,0.0,0.0,0.0,0.0,0.0,0.0,0.0,0.0
ward_152,152,Suddagunte Palya,172-B.T.M. LAYOUT,1235097.552764853,1.235097552764853,39997,32383.68,47821,19.09,77.5010961432047,12.997440803589313,0.0,0.0,0.0,0.0,0.0,0.0,0.0,0.0,0.0,0.0,0.0,0.0,0.0,0.0,0.0,0.0
ward_153,153,Jayanagar,169-CHICKPET,2570834.15371153,2.57083415371153,38151,14839.93,45614,9.24,77.65175233195923,13.013985155788019,0.0,0.0,0.0,0.0,0.0,0.0,0.0,0.0,0.0,0.0,0.0,0.0,0.0,0.0,0.0,0.0
ward_154,154,Basavanagudi,170-BASAVANAGUDI,1815214.6976192023,1.8152146976192023,32640,17981.34,39025,10.76,77.58703658782525,12.896890576414837,0.0,0.0,0.0,0.0,0.0,0.0,0.0,0.0,0.0,0.0,0.0,0.0,0.0,0.0,0.0,0.0
ward_155,155,Hanumanth Nagar,170-BASAVANAGUDI,4468207.916623614,4.468207916623614,36982,8276.7,44216,3.79,77.49683150001778,12.96117179982269,0.0,0.0,0.0,0.0,0.0,0.0,0.0,0.0,0.0,0.0,0.0,0.0,0.0,0.0,0.0,0.0
ward_156,156,Srinagar,170-BASAVANAGUDI,3579464.6290232306,3.5794646290232306,41379,11560.11,49473,6.21,77.59970981684178,12.89623336293682,0.0,0.0,0.0,0.0,0.0,0.0,0.0,0.0,0.0,0.0,0.0,0.0,0.0,0.0,0.0,0.0
ward_157,157,Gali Anjenaya Temple ward,167-VIJAYA NAGAR,1383449.9958436114,1.3834499958436115,34653,25048.25,41432,15.76,77.62372702939386,12.906102470714647,0.0,0.0,0.0,0.0,0.0,0.0,0.0,0.0,0.0,0.0,0.0,0.0,0.0,0.0,0.0,0.0
ward_158,158,Deepanjali Nagar,167-VIJAYA NAGAR,4779090.200105511,4.779090200105511,45928,9610.2,54912,5.0,77.50509461017819,13.02042620120956,0.0,0.0,0.0,0.0,0.0,0.0,0.0,0.0,0.0,0.0,0.0,0.0,0.0,0.0,0.0,0.0
ward_159,159,Kengeri,153-YESHVANTHAPURA,8369607.592207206,8.369607592207206,40771,4871.32,48747,0.91,77.52116240659893,12.914925438498392,0.0,0.0,0.0,0.0,0.0,0.0,0.0,0.0,0.0,0.0,0.0,0.0,0.0,0.0,0.0,0.0
ward_160,160,Rajarajeshwari Nagar,154-RAJARAJESHWARI NAGAR,4361951.5635415185,4.361951563541519,56897,13043.93,68027,7.73,77.64825797559405,13.030400584019558,0.0,0.0,0.0,0.0,0.0,0.0,0.0,0.0,0.0,0.0,0.0,0.0,0.0,0.0,0.0,0.0
ward_161,161,Hosakerehalli,171-PADMANABA NAGAR,3782607.2874105577,3.7826072874105576,46805,12373.74,55961,6.97,77.60312945979477,13.061849371886058,0.0,0.0,0.0,0.0,0.0,0.0,0.0,0.0,0.0,0.0,0.0,0.0,0.0,0.0,0.0,0.0
ward_162,162,Girinagar,170-BASAVANAGUDI,6238974.779573723,6.238974779573723,43195,6923.41,51645,2.42,77.62468324029933,13.052482833726536,0.0,0.0,0.0,0.0,0.0,0.0,0.0,0.0,0.0,0.0,0.0,0.0,0.0,0.0,0.0,0.0
ward_163,163,Katriguppe,170-BASAVANAGUDI,3547531.9999232604,3.5475319999232604,45572,12846.11,54487,7.42,77.55355884485151,12.895030539680535,0.0,0.0,0.0,0.0,0.0,0.0,0.0,0.0,0.0,0.0,0.0,0.0,0.0,0.0,0.0,0.0
ward_164,164,Vidyapeeta ward,170-BASAVANAGUDI,3662317.475354409,3.662317475354409,43483,11873.08,51989,6.36,77.61425151336513,12.897366225672684,0.0,0.0,0.0,0.0,0.0,0.0,0.0,0.0,0.0,0.0,0.0,0.0,0.0,0.0,0.0,0.0
ward_165,165,Ganesh Mandir ward,171-PADMANABA NAGAR,4377479.094097137,4.377479094097137,25998,5939.03,31084,1.21,77.490940288875,12.985248175348847,0.0,0.0,0.0,0.0,0.0,0.0,0.0,0.0,0.0,0.0,0.0,0.0,0.0,0.0,0.0,0.0
ward_166,166,Karisandra,171-PADMANABA NAGAR,4464401.079959151,4.464401079959151,27040,6056.8,32330,1.36,77.64001477165017,12.91359152632213,0.0,0.0,0.0,0.0,0.0,0.0,0.0,0.0,0.0,0.0,0.0,0.0,0.0,0.0,0.0,0.0
ward_167,167,Yediyur,171-PADMANABA NAGAR,2720036.813590176,2.720036813590176,32756,12042.48,39164,6.82,77.6677895738237,13.007053190878935,0.0,0.0,0.0,0.0,0.0,0.0,0.0,0.0,0.0,0.0,0.0,0.0,0.0,0.0,0.0,0.0
ward_168,168,Pattabhiram Nagar,173-JAYANAGAR,982678.4228962981,0.9826784228962981,28353,28852.78,33899,17.58,77.62720062068668,12.898403184494077,0.0,0.0,0.0,0.0,0.0,0.0,0.0,0.0,0.0,0.0,0.0,0.0,0.0,0.0,0.0,0.0
ward_169,169,Byrasandra,173-JAYANAGAR,9718476.291499605,9.718476291499606,32066,3299.49,38339,0.15,77.53597722894514,12.895089436656235,0.0,0.0,0.0,0.0,0.0,0.0,0.0,0.0,0.0,0.0,0.0,0.0,0.0,0.0,0.0,0.0
ward_170,170,Jayanagar East,173-JAYANAGAR,1740940.622861335,1.740940622861335,33927,19487.74,40564,11.67,77.67370372917127,12.979983179965098,0.0,0.0,0.0,0.0,0.0,0.0,0.0,0.0,0.0,0.0,0.0,0.0,0.0,0.0,0.0,0.0
ward_171,171,Gurappanapalya,173-JAYANAGAR,3681454.0207803436,3.6814540207803437,48991,13307.51,58575,7.88,77.58187030065062,12.883735109682963,0.0,0.0,0.0,0.0,0.0,0.0,0.0,0.0,0.0,0.0,0.0,0.0,0.0,0.0,0.0,0.0
ward_172,172,Madivala,172-B.T.M. LAYOUT,1291916.4217553418,1.2919164217553418,42624,32992.85,50962,19.55,77.51263539738235,13.046205557574941,0.0,0.0,0.0,0.0,0.0,0.0,0.0,0.0,0.0,0.0,0.0,0.0,0.0,0.0,0.0,0.0
ward_173,173,Jakkasandra,172-B.T.M. LAYOUT,7643721.832559031,7.643721832559032,33521,4385.43,40078,0.61,77.67206695179034,12.956975731253548,0.0,0.0,0.0,0.0,0.0,0.0,0.0,0.0,0.0,0.0,0.0,0.0,0.0,0.0,0.0,0.0
ward_174,174,HSR Layout,175-BOMMANAHALLI,3178660.7973490045,3.1786607973490044,63033,19830.05,75363,11.82,77.50453818134582,13.038650999096182,0.0,0.0,0.0,0.0,0.0,0.0,0.0,0.0,0.0,0.0,0.0,0.0,0.0,0.0,0.0,0.0
ward_175,175,Bommanahalli,175-BOMMANAHALLI,5718662.4187889155,5.718662418788916,43585,7621.54,52111,3.33,77.48550796164177,13.002054981880184,0.0,0.0,0.0,0.0,0.0,0.0,0.0,0.0,0.0,0.0,0.0,0.0,0.0,0.0,0.0,0.0
ward_176,176,BTM Layout,172-B.T.M. LAYOUT,3641230.622036624,3.6412306220366237,52250,14349.54,62471,8.48,77.52082816801995,13.056143643814499,0.0,0.0,0.0,0.0,0.0,0.0,0.0,0.0,0.0,0.0,0.0,0.0,0.0,0.0,0.0,0.0
ward_177,177,J P Nagar,173-JAYANAGAR,3758952.347861124,3.758952347861124,28846,7673.95,34489,3.48,77.4895253277192,12.94015568672262,0.0,0.0,0.0,0.0,0.0,0.0,0.0,0.0,0.0,0.0,0.0,0.0,0.0,0.0,0.0,0.0
ward_178,178,Sarakki,173-JAYANAGAR,3396402.3184238533,3.396402318423853,31034,9137.32,37105,4.85,77.56424073874732,12.881538041371408,0.0,0.0,0.0,0.0,0.0,0.0,0.0,0.0,0.0,0.0,0.0,0.0,0.0,0.0,0.0,0.0
ward_179,179,Shakambari Nagar,173-JAYANAGAR,1754884.1652399718,1.7548841652399718,25871,14742.28,30932,9.09,77.63824240288389,12.900244782681826,0.0,0.0,0.0,0.0,0.0,0.0,0.0,0.0,0.0,0.0,0.0,0.0,0.0,0.0,0.0,0.0
ward_180,180,Banashankari Temple ward,171-PADMANABA NAGAR,9578617.598909121,9.578617598909121,42171,4402.62,50420,0.76,77.57577632278519,13.076526280083092,0.0,0.0,0.0,0.0,0.0,0.0,0.0,0.0,0.0,0.0,0.0,0.0,0.0,0.0,0.0,0.0
ward_181,181,Kumaraswamy Layout,171-PADMANABA NAGAR,2429470.77848059,2.42947077848059,47182,19420.69,56412,11.52,77.55827257959554,13.074483419585107,0.0,0.0,0.0,0.0,0.0,0.0,0.0,0.0,0.0,0.0,0.0,0.0,0.0,0.0,0.0,0.0
ward_182,182,Padmanabha Nagar,171-PADMANABA NAGAR,2802807.7176905936,2.8028077176905937,41037,14641.39,49065,8.79,77.6777191064807,12.971506352844901,0.0,0.0,0.0,0.0,0.0,0.0,0.0,0.0,0.0,0.0,0.0,0.0,0.0,0.0,0.0,0.0
ward_183,183,Chikkalsandra,171-PADMANABA NAGAR,7316369.615987753,7.316369615987752,43364,5926.98,51847,1.06,77.48090784480519,12.96528145794117,0.0,0.0,0.0,0.0,0.0,0.0,0.0,0.0,0.0,0.0,0.0,0.0,0.0,0.0,0.0,0.0
ward_184,184,Uttarahalli,176-BANGALORE SOUTH,7566989.543945145,7.5669895439451444,57209,7560.34,68400,3.18,77.54250770597618,13.071799898227923,0.0,0.0,0.0,0.0,0.0,0.0,0.0,0.0,0.0,0.0,0.0,0.0,0.0,0.0,0.0,0.0
ward_185,185,Yelchenahalli,176-BANGALORE SOUTH,1904052.1901953993,1.9040521901953993,46943,24654.26,56126,15.15,77.62934182073101,12.891583366202926,0.0,0.0,0.0,0.0,0.0,0.0,0.0,0.0,0.0,0.0,0.0,0.0,0.0,0.0,0.0,0.0
ward_186,186,Jaraganahalli,175-BOMMANAHALLI,3929076.933128007,3.929076933128007,38294,9746.31,45785,5.15,77.65457861810116,12.910345724814142,0.0,0.0,0.0,0.0,0.0,0.0,0.0,0.0,0.0,0.0,0.0,0.0,0.0,0.0,0.0,0.0
ward_187,187,Puttenahalli,175-BOMMANAHALLI,3825602.947988386,3.825602947988386,49207,12862.55,58833,7.58,77.68073296807046,12.988801607877445,0.0,0.0,0.0,0.0,0.0,0.0,0.0,0.0,0.0,0.0,0.0,0.0,0.0,0.0,0.0,0.0
ward_188,188,Bilekhalli,175-BOMMANAHALLI,1866359.6984896099,1.8663596984896098,49884,26727.97,59642,16.67,77.67718766018659,13.008594450053543,0.0,0.0,0.0,0.0,0.0,0.0,0.0,0.0,0.0,0.0,0.0,0.0,0.0,0.0,0.0,0.0
ward_189,189,Hongasandra,175-BOMMANAHALLI,5516286.92879465,5.51628692879465,68554,12427.56,81964,7.12,77.49446771275586,12.920172364491403,0.0,0.0,0.0,0.0,0.0,0.0,0.0,0.0,0.0,0.0,0.0,0.0,0.0,0.0,0.0,0.0
ward_190,190,Mangammanapalya,175-BOMMANAHALLI,10514557.139987174,10.514557139987174,65890,6266.55,78779,1.67,77.67611816312086,12.942086076594196,0.0,0.0,0.0,0.0,0.0,0.0,0.0,0.0,0.0,0.0,0.0,0.0,0.0,0.0,0.0,0.0
ward_191,191,Singasandra,177-ANEKAL (SC),11282122.09127664,11.28212209127664,71004,6293.5,84894,1.82,77.61653619215154,13.075042587194591,0.0,0.0,0.0,0.0,0.0,0.0,0.0,0.0,0.0,0.0,0.0,0.0,0.0,0.0,0.0,0.0
ward_192,192,Begur,176-BANGALORE SOUTH,5957356.922108901,5.957356922108901,80037,13434.98,95694,8.03,77.60293746236685,12.877405728924195,0.0,0.0,0.0,0.0,0.0,0.0,0.0,0.0,0.0,0.0,0.0,0.0,0.0,0.0,0.0,0.0
ward_193,193,Arakere,175-BOMMANAHALLI,13880135.480484746,13.880135480484746,58355,4204.21,69770,0.45,77.65524445973394,13.050248471785748,0.0,0.0,0.0,0.0,0.0,0.0,0.0,0.0,0.0,0.0,0.0,0.0,0.0,0.0,0.0,0.0
ward_194,194,Gottigere,176-BANGALORE SOUTH,8494245.677977534,8.494245677977535,51911,6111.31,62066,1.52,77.48628798505217,13.027697754456291,0.0,0.0,0.0,0.0,0.0,0.0,0.0,0.0,0.0,0.0,0.0,0.0,0.0,0.0,0.0,0.0
ward_195,195,Konankunte,176-BANGALORE SOUTH,1868775.742936097,1.8687757429360972,57335,30680.51,68551,18.48,77.5010942212784,13.053548866504318,0.0,0.0,0.0,0.0,0.0,0.0,0.0,0.0,0.0,0.0,0.0,0.0,0.0,0.0,0.0,0.0
ward_196,196,Anjanapura,176-BANGALORE SOUTH,6058223.240894549,6.058223240894549,45608,7528.28,54530,3.03,77.52527635423509,13.075899769957875,0.0,0.0,0.0,0.0,0.0,0.0,0.0,0.0,0.0,0.0,0.0,0.0,0.0,0.0,0.0,0.0
ward_197,197,Vasanthpura,176-BANGALORE SOUTH,3848454.46459072,3.84845446459072,62057,16125.17,74196,10.0,77.68928749451786,12.999351961495602,0.0,0.0,0.0,0.0,0.0,0.0,0.0,0.0,0.0,0.0,0.0,0.0,0.0,0.0,0.0,0.0
ward_198,198,Hemmigepura,153-YESHVANTHAPURA,4964559.449844203,4.964559449844203,50440,10160.02,60307,5.45,77.58484370972444,13.09106990466728,0.0,0.0,0.0,0.0,0.0,0.0,0.0,0.0,0.0,0.0,0.0,0.0,0.0,0.0,0.0,0.0
