h3_id,ward_id,ward_num,ward_name,zone_name,area_sqkm,population_2011,updated_population_2023,density_2011,slum_percentage
88601459c7fffff,ward_174,174,HSR Layout,175-BOMMANAHALLI,3.1786607973490044,63033,75363,19830.05,11.82
8861892555fffff,ward_129,129,Jnana Bharathi ward,154-RAJARAJESHWARI NAGAR,10.475227420963284,68132,81460,6504.11,2.12
8861892431fffff,ward_164,164,Vidyapeeta ward,170-BASAVANAGUDI,3.662317475354409,43483,51989,11873.08,6.36
8861892ee3fffff,ward_144,144,Siddapura,169-CHICKPET,3.9798351015130167,34879,41702,8763.93,4.24
886014594bfffff,ward_66,66,Subramanya Nagar,157-MALLESWARAM,0.8438605345517075,35709,42694,42316.23,22.88
8860145aebfffff,ward_136,136,Jagajivanaramnagar,168-CHAMARAJPET,10.274601447165209,38639,46197,3760.63,0.3
8861892493fffff,ward_169,169,Byrasandra,173-JAYANAGAR,9.718476291499606,32066,38339,3299.49,0.15
886014581bfffff,ward_165,165,Ganesh Mandir ward,171-PADMANABA NAGAR,4.377479094097137,25998,31084,5939.03,1.21
8860145957fffff,ward_127,127,Mudalapalya,166-GOVINDRAJA NAGAR,5.485194425632322,43729,52283,7972.19,3.64
886014512dfffff,ward_159,159,Kengeri,153-YESHVANTHAPURA,8.369607592207206,40771,48747,4871.32,0.91
8861892dd9fffff,ward_191,191,Singasandra,177-ANEKAL (SC),11.28212209127664,71004,84894,6293.5,1.82
886014516dfffff,ward_169,169,Byrasandra,173-JAYANAGAR,9.718476291499606,32066,38339,3299.49,0.15
8861892ce1fffff,ward_162,162,Girinagar,170-BASAVANAGUDI,6.238974779573723,43195,51645,6923.41,2.42
886014582bfffff,ward_133,133,Hampi Nagar,167-VIJAYA NAGAR,1.0287366032122411,35113,41982,34132.16,20.15
8860145a07fffff,ward_84,84,Hagadur,174-MAHADEVAPURA (SC),2.0202276759719613,50556,60446,25024.9,15.61
8861892487fffff,ward_147,147,Adugodi,172-B.T.M. LAYOUT,1.2266797084365395,34299,41009,27960.84,17.12
8860145989fffff,ward_194,194,Gottigere,176-BANGALORE SOUTH,8.494245677977535,51911,62066,6111.31,1.52
8861892505fffff,ward_173,173,Jakkasandra,172-B.T.M. LAYOUT,7.643721832559032,33521,40078,4385.43,0.61
8861892483fffff,ward_178,178,Sarakki,173-JAYANAGAR,3.396402318423853,31034,37105,9137.32,4.85
8860145825fffff,ward_127,127,Mudalapalya,166-GOVINDRAJA NAGAR,5.485194425632322,43729,52283,7972.19,3.64
8860145a27fffff,ward_38,38,HMT Ward,154-RAJARAJESHWARI NAGAR,0.8142782758435138,36879,44093,45290.41,23.79
8861892eebfffff,ward_144,144,Siddapura,169-CHICKPET,3.9798351015130167,34879,41702,8763.93,4.24
8861892485fffff,ward_149,149,Varthuru,174-MAHADEVAPURA (SC),1.3539089764638217,54625,65311,40346.14,22.12
8861892dcbfffff,ward_193,193,Arakere,175-BOMMANAHALLI,13.880135480484746,58355,69770,4204.21,0.45
8861892ee7fffff,ward_153,153,Jayanagar,169-CHICKPET,2.57083415371153,38151,45614,14839.93,9.24
88601458ebfffff,ward_175,175,Bommanahalli,175-BOMMANAHALLI,5.718662418788916,43585,52111,7621.54,3.33
8860145837fffff,ward_175,175,Bommanahalli,175-BOMMANAHALLI,5.718662418788916,43585,52111,7621.54,3.33
8861892e91fffff,ward_34,34,Gangenahalli,158-HEBBAL,0.6636135080315342,24308,29063,36629.75,20.76
8860145937fffff,ward_196,196,Anjanapura,176-BANGALORE SOUTH,6.058223240894549,45608,54530,7528.28,3.03
8860145955fffff,ward_127,127,Mudalapalya,166-GOVINDRAJA NAGAR,5.485194425632322,43729,52283,7972.19,3.64
88618925edfffff,ward_129,129,Jnana Bharathi ward,154-RAJARAJESHWARI NAGAR,10.475227420963284,68132,81460,6504.11,2.12
886014595dfffff,ward_76,76,Gayithri Nagar,157-MALLESWARAM,1.5826321942954351,33236,39738,21000.46,12.73
8861892ca7fffff,ward_191,191,Singasandra,177-ANEKAL (SC),11.28212209127664,71004,84894,6293.5,1.82
886014595bfffff,ward_94,94,Gandhinagar,164-GANDHI NAGAR,1.0307013300955201,31208,37313,30278.41,18.33
8860145823fffff,ward_158,158,Deepanjali Nagar,167-VIJAYA NAGAR,4.779090200105511,45928,54912,9610.2,5.0
8860145a65fffff,ward_25,25,Horamavu,151-K.R.PURA,2.4261848865644544,95368,114024,39307.8,21.67
8860145a67fffff,ward_18,18,Radhakrishna Temple Ward,158-HEBBAL,1.0666136532732704,35122,41993,32928.51,19.39
8860145b19fffff,ward_15,15,T Dasarahalli,155-DASARAHALLI,1.0470228750952775,33042,39506,31558.05,18.64
8860145821fffff,ward_145,145,Hombegowda Nagara,169-CHICKPET,2.088272933449151,38309,45803,18344.82,11.21
8861892e1bfffff,ward_146,146,Lakkasandra,172-B.T.M. LAYOUT,3.405320760999294,30667,36666,9005.61,4.55
88618925b7fffff,ward_11,11,Kuvempu Nagar,152-BYATARAYANAPURA,1.441008941664834,37128,44391,25765.28,16.36
8860145b27fffff,ward_39,39,Chokkasandra,155-DASARAHALLI,7.903777186032147,59289,70887,7501.35,2.88
8860145a37fffff,ward_115,115,Vannarpet,163-SHANTI NAGAR,2.2958450700243223,37060,44310,16142.2,10.15
8860145a39fffff,ward_84,84,Hagadur,174-MAHADEVAPURA (SC),2.0202276759719613,50556,60446,25024.9,15.61
886189242bfffff,ward_179,179,Shakambari Nagar,173-JAYANAGAR,1.7548841652399718,25871,30932,14742.28,9.09
8861892ea7fffff,ward_121,121,Binnipete,164-GANDHI NAGAR,1.871341816425747,37354,44661,19961.08,11.97
88618925b5fffff,ward_4,4,Yelahanka Satellite Town,150-YELAHANKA,4.200543062144555,41986,50199,9995.37,5.3
8861892cbbfffff,ward_134,134,Bapuji Nagar,167-VIJAYA NAGAR,6.711067531160504,49484,59164,7373.49,2.73
886014586dfffff,ward_50,50,Benniganahalli,161-C.V. RAMAN NAGAR (SC),2.6788734626008535,49094,58698,18326.36,11.06
8861892e0bfffff,ward_187,187,Puttenahalli,175-BOMMANAHALLI,3.825602947988386,49207,58833,12862.55,7.58
88618925b9fffff,ward_32,32,Kaval Bairasandra,159-PULAKESHI NAGAR (SC),3.1250530231149627,39334,47028,12586.67,7.27
8860145a49fffff,ward_96,96,Okalipuram,164-GANDHI NAGAR,1.2065282447814227,38110,45565,31586.5,18.79
8860145a21fffff,ward_35,35,Aramane Nagara,157-MALLESWARAM,0.2947324589479899,36738,43925,124648.64,29.85
88601696c1fffff,ward_196,196,Anjanapura,176-BANGALORE SOUTH,6.058223240894549,45608,54530,7528.28,3.03
8861892cb5fffff,ward_180,180,Banashankari Temple ward,171-PADMANABA NAGAR,9.578617598909121,42171,50420,4402.62,0.76
8861892c37fffff,ward_193,193,Arakere,175-BOMMANAHALLI,13.880135480484746,58355,69770,4204.21,0.45
8861892e15fffff,ward_187,187,Puttenahalli,175-BOMMANAHALLI,3.825602947988386,49207,58833,12862.55,7.58
8861892cd7fffff,ward_90,90,Halsoor,162-SHIVAJI NAGAR,1.4066130911243209,35090,41954,24946.45,15.45
8861892c85fffff,ward_134,134,Bapuji Nagar,167-VIJAYA NAGAR,6.711067531160504,49484,59164,7373.49,2.73
8861892ec1fffff,ward_146,146,Lakkasandra,172-B.T.M. LAYOUT,3.405320760999294,30667,36666,9005.61,4.55
88601459d1fffff,ward_194,194,Gottigere,176-BANGALORE SOUTH,8.494245677977535,51911,62066,6111.31,1.52
88601459ebfffff,ward_174,174,HSR Layout,175-BOMMANAHALLI,3.1786607973490044,63033,75363,19830.05,11.82
8861892425fffff,ward_166,166,Karisandra,171-PADMANABA NAGAR,4.464401079959151,27040,32330,6056.8,1.36
8860145859fffff,ward_136,136,Jagajivanaramnagar,168-CHAMARAJPET,10.274601447165209,38639,46197,3760.63,0.3
8860145981fffff,ward_194,194,Gottigere,176-BANGALORE SOUTH,8.494245677977535,51911,62066,6111.31,1.52
8860169619fffff,ward_181,181,Kumaraswamy Layout,171-PADMANABA NAGAR,2.42947077848059,47182,56412,19420.69,11.52
88618925a3fffff,ward_21,21,Hebbala,158-HEBBAL,5.0453193703937185,32516,38877,6444.79,1.97
8861892e99fffff,ward_44,44,Marappana Palya,156-MAHALAXMI LAYOUT,1.913854661849198,40212,48078,21011.0,12.88
886189241bfffff,ward_192,192,Begur,176-BANGALORE SOUTH,5.957356922108901,80037,95694,13434.98,8.03
8860145ac1fffff,ward_189,189,Hongasandra,175-BOMMANAHALLI,5.51628692879465,68554,81964,12427.56,7.12
886189251dfffff,ward_129,129,Jnana Bharathi ward,154-RAJARAJESHWARI NAGAR,10.475227420963284,68132,81460,6504.11,2.12
8861892ca9fffff,ward_161,161,Hosakerehalli,171-PADMANABA NAGAR,3.7826072874105576,46805,55961,12373.74,6.97
8861892097fffff,ward_190,190,Mangammanapalya,175-BOMMANAHALLI,10.514557139987174,65890,78779,6266.55,1.67
8861892c13fffff,ward_143,143,Vishveshwara Puram,169-CHICKPET,3.689595503132354,32462,38812,8798.25,4.39
8861892ce9fffff,ward_162,162,Girinagar,170-BASAVANAGUDI,6.238974779573723,43195,51645,6923.41,2.42
8860145b13fffff,ward_42,42,Lakshmi Devi Nagar,154-RAJARAJESHWARI NAGAR,0.770755956046475,41352,49441,53651.22,26.06
88601459cbfffff,ward_158,158,Deepanjali Nagar,167-VIJAYA NAGAR,4.779090200105511,45928,54912,9610.2,5.0
88618925bdfffff,ward_24,24,HBR Layout,160-SARVARGNA NAGAR,1.4406080473686644,58967,70502,40932.02,22.42
8860145a33fffff,ward_115,115,Vannarpet,163-SHANTI NAGAR,2.2958450700243223,37060,44310,16142.2,10.15
8861892c91fffff,ward_98,98,Prakash Nagar,165-RAJAJI NAGAR,3.1531754915743586,32913,39351,10438.05,5.61
88618925bbfffff,ward_32,32,Kaval Bairasandra,159-PULAKESHI NAGAR (SC),3.1250530231149627,39334,47028,12586.67,7.27
88601459edfffff,ward_176,176,BTM Layout,172-B.T.M. LAYOUT,3.6412306220366237,52250,62471,14349.54,8.48
8860145969fffff,ward_102,102,Vrisabhavathi Nagar,156-MAHALAXMI LAYOUT,2.1966468259843404,50893,60849,23168.49,14.09
8861892e5bfffff,ward_173,173,Jakkasandra,172-B.T.M. LAYOUT,7.643721832559032,33521,40078,4385.43,0.61
8861892ce5fffff,ward_162,162,Girinagar,170-BASAVANAGUDI,6.238974779573723,43195,51645,6923.41,2.42
8860145b6bfffff,ward_7,7,Byatarayanapura,152-BYATARAYANAPURA,4.617433818510921,72154,86269,15626.43,9.85
8861892ddbfffff,ward_191,191,Singasandra,177-ANEKAL (SC),11.28212209127664,71004,84894,6293.5,1.82
8860145a01fffff,ward_73,73,Kottegepalya,154-RAJARAJESHWARI NAGAR,1.4159828436020525,68922,82404,48674.32,24.7
8861892599fffff,ward_93,93,Vasanth Nagar,162-SHIVAJI NAGAR,3.1228487916861454,22815,27278,7305.83,2.58
8861892ee1fffff,ward_144,144,Siddapura,169-CHICKPET,3.9798351015130167,34879,41702,8763.93,4.24
886189253dfffff,ward_141,141,Azad Nagar,168-CHAMARAJPET,2.285268375939188,38825,46420,16989.25,10.61
8860145933fffff,ward_176,176,BTM Layout,172-B.T.M. LAYOUT,3.6412306220366237,52250,62471,14349.54,8.48
8860145847fffff,ward_81,81,Vijnana Nagar,151-K.R.PURA,0.9033391524985654,57062,68224,63167.86,26.82
8861892e3bfffff,ward_167,167,Yediyur,171-PADMANABA NAGAR,2.720036813590176,32756,39164,12042.48,6.82
8860145aa5fffff,ward_165,165,Ganesh Mandir ward,171-PADMANABA NAGAR,4.377479094097137,25998,31084,5939.03,1.21
886189240dfffff,ward_185,185,Yelchenahalli,176-BANGALORE SOUTH,1.9040521901953993,46943,56126,24654.26,15.15
8861892cdbfffff,ward_45,45,Malleswaram,157-MALLESWARAM,1.5109640304205672,34196,40885,22631.91,13.33
8860145911fffff,ward_127,127,Mudalapalya,166-GOVINDRAJA NAGAR,5.485194425632322,43729,52283,7972.19,3.64
8861892c31fffff,ward_193,193,Arakere,175-BOMMANAHALLI,13.880135480484746,58355,69770,4204.21,0.45
886189241dfffff,ward_192,192,Begur,176-BANGALORE SOUTH,5.957356922108901,80037,95694,13434.98,8.03
8860145943fffff,ward_99,99,Rajaji Nagar,165-RAJAJI NAGAR,1.1286374983144962,33084,39556,29313.22,18.03
8861892ecdfffff,ward_146,146,Lakkasandra,172-B.T.M. LAYOUT,3.405320760999294,30667,36666,9005.61,4.55
8860145b09fffff,ward_7,7,Byatarayanapura,152-BYATARAYANAPURA,4.617433818510921,72154,86269,15626.43,9.85
8860145b43fffff,ward_1,1,Kempegowda Ward,150-YELAHANKA,2.0638005875681786,34783,41587,16853.86,10.45
8861892ec5fffff,ward_148,148,Ejipura,172-B.T.M. LAYOUT,3.029500253856791,47004,56199,15515.43,9.7
8861892429fffff,ward_179,179,Shakambari Nagar,173-JAYANAGAR,1.7548841652399718,25871,30932,14742.28,9.09
8860145b59fffff,ward_8,8,Kodigehalli,152-BYATARAYANAPURA,0.9548462751092416,47546,56847,49794.4,24.85
8861892417fffff,ward_156,156,Srinagar,170-BASAVANAGUDI,3.5794646290232306,41379,49473,11560.11,6.21
886014516bfffff,ward_169,169,Byrasandra,173-JAYANAGAR,9.718476291499606,32066,38339,3299.49,0.15
8860145b25fffff,ward_39,39,Chokkasandra,155-DASARAHALLI,7.903777186032147,59289,70887,7501.35,2.88
88601459d7fffff,ward_194,194,Gottigere,176-BANGALORE SOUTH,8.494245677977535,51911,62066,6111.31,1.52
8861892e9bfffff,ward_23,23,Nagavara,160-SARVARGNA NAGAR,1.211597446149113,60483,72315,49920.05,25.0
8861892e81fffff,ward_80,80,Hoysala Nagar,161-C.V. RAMAN NAGAR (SC),4.2444040114086174,35228,42119,8299.87,3.94
8861892ec3fffff,ward_101,101,Kamakshipalya,165-RAJAJI NAGAR,2.1691399060141237,30051,35930,13853.88,8.18
8860145901fffff,ward_150,150,Bellanduru,174-MAHADEVAPURA (SC),5.473991502827782,80180,95865,14647.45,8.94
8860145869fffff,ward_42,42,Lakshmi Devi Nagar,154-RAJARAJESHWARI NAGAR,0.770755956046475,41352,49441,53651.22,26.06
88601458c9fffff,ward_183,183,Chikkalsandra,171-PADMANABA NAGAR,7.316369615987752,43364,51847,5926.98,1.06
88618924a1fffff,ward_93,93,Vasanth Nagar,162-SHIVAJI NAGAR,3.1228487916861454,22815,27278,7305.83,2.58
8860145ae5fffff,ward_136,136,Jagajivanaramnagar,168-CHAMARAJPET,10.274601447165209,38639,46197,3760.63,0.3
88618924b3fffff,ward_137,137,Rayapuram,168-CHAMARAJPET,1.9275694314298075,36039,43089,18696.6,11.36
88618925d5fffff,ward_72,72,Herohalli,153-YESHVANTHAPURA,1.1662936369029084,62272,74454,53393.07,25.91
8861892561fffff,ward_190,190,Mangammanapalya,175-BOMMANAHALLI,10.514557139987174,65890,78779,6266.55,1.67
886014580bfffff,ward_140,140,Chamrajapet,168-CHAMARAJPET,3.5592387822415783,32213,38514,9050.53,4.7
88618925c3fffff,ward_87,87,HAL Airport,151-K.R.PURA,1.7448818178880314,39926,47736,22881.78,13.79
8861892c51fffff,ward_160,160,Rajarajeshwari Nagar,154-RAJARAJESHWARI NAGAR,4.361951563541519,56897,68027,13043.93,7.73
8860145a43fffff,ward_85,85,Dodda Nekkundi,174-MAHADEVAPURA (SC),1.9019837375911544,63083,75423,33166.95,20.0
8861892463fffff,ward_179,179,Shakambari Nagar,173-JAYANAGAR,1.7548841652399718,25871,30932,14742.28,9.09
8860145a57fffff,ward_159,159,Kengeri,153-YESHVANTHAPURA,8.369607592207206,40771,48747,4871.32,0.91
8860145a5dfffff,ward_117,117,Shanthi Nagar,163-SHANTI NAGAR,0.9978784701034406,42095,50330,42184.5,22.58
8860145843fffff,ward_79,79,Sarvagna Nagar,161-C.V. RAMAN NAGAR (SC),1.361947436892095,37291,44586,27380.65,16.82
8860145801fffff,ward_111,111,Shantala Nagar,163-SHANTI NAGAR,3.4691569034746004,22995,27493,6628.41,2.27
8861892cc1fffff,ward_123,123,Vijayanagar,167-VIJAYA NAGAR,1.5950688529487715,40331,48220,25284.8,16.06
8860145a5bfffff,ward_169,169,Byrasandra,173-JAYANAGAR,9.718476291499606,32066,38339,3299.49,0.15
8861892c87fffff,ward_134,134,Bapuji Nagar,167-VIJAYA NAGAR,6.711067531160504,49484,59164,7373.49,2.73
8861892c07fffff,ward_193,193,Arakere,175-BOMMANAHALLI,13.880135480484746,58355,69770,4204.21,0.45
8861892529fffff,ward_173,173,Jakkasandra,172-B.T.M. LAYOUT,7.643721832559032,33521,40078,4385.43,0.61
8861892437fffff,ward_139,139,K R Market,168-CHAMARAJPET,1.0615662610550132,29344,35084,27642.17,16.97
8860145905fffff,ward_150,150,Bellanduru,174-MAHADEVAPURA (SC),5.473991502827782,80180,95865,14647.45,8.94
8860145b35fffff,ward_31,31,Kushal Nagar,159-PULAKESHI NAGAR (SC),2.7998499250516478,41936,50139,14977.95,9.39
886189256bfffff,ward_190,190,Mangammanapalya,175-BOMMANAHALLI,10.514557139987174,65890,78779,6266.55,1.67
8861892567fffff,ward_173,173,Jakkasandra,172-B.T.M. LAYOUT,7.643721832559032,33521,40078,4385.43,0.61
8860145b63fffff,ward_39,39,Chokkasandra,155-DASARAHALLI,7.903777186032147,59289,70887,7501.35,2.88
8861892c35fffff,ward_193,193,Arakere,175-BOMMANAHALLI,13.880135480484746,58355,69770,4204.21,0.45
8861892c55fffff,ward_193,193,Arakere,175-BOMMANAHALLI,13.880135480484746,58355,69770,4204.21,0.45
88601459ddfffff,ward_194,194,Gottigere,176-BANGALORE SOUTH,8.494245677977535,51911,62066,6111.31,1.52
8860145903fffff,ward_150,150,Bellanduru,174-MAHADEVAPURA (SC),5.473991502827782,80180,95865,14647.45,8.94
8860145a55fffff,ward_112,112,Domlur,163-SHANTI NAGAR,1.2977916909189793,30638,36631,23607.79,14.55
8860145a8dfffff,ward_177,177,J P Nagar,173-JAYANAGAR,3.758952347861124,28846,34489,7673.95,3.48
8861892525fffff,ward_182,182,Padmanabha Nagar,171-PADMANABA NAGAR,2.8028077176905937,41037,49065,14641.39,8.79
88601458e5fffff,ward_194,194,Gottigere,176-BANGALORE SOUTH,8.494245677977535,51911,62066,6111.31,1.52
8860145941fffff,ward_100,100,Basaveshwara Nagar,165-RAJAJI NAGAR,0.9282530623714021,30333,36267,32677.51,19.24
8860145927fffff,ward_184,184,Uttarahalli,176-BANGALORE SOUTH,7.5669895439451444,57209,68400,7560.34,3.18
886189242dfffff,ward_166,166,Karisandra,171-PADMANABA NAGAR,4.464401079959151,27040,32330,6056.8,1.36
886189250dfffff,ward_190,190,Mangammanapalya,175-BOMMANAHALLI,10.514557139987174,65890,78779,6266.55,1.67
88601458c5fffff,ward_183,183,Chikkalsandra,171-PADMANABA NAGAR,7.316369615987752,43364,51847,5926.98,1.06
8860145121fffff,ward_159,159,Kengeri,153-YESHVANTHAPURA,8.369607592207206,40771,48747,4871.32,0.91
886014591bfffff,ward_127,127,Mudalapalya,166-GOVINDRAJA NAGAR,5.485194425632322,43729,52283,7972.19,3.64
886014596bfffff,ward_151,151,Koramangala,172-B.T.M. LAYOUT,4.434349980467449,38316,45811,8640.73,4.09
8861892ea3fffff,ward_121,121,Binnipete,164-GANDHI NAGAR,1.871341816425747,37354,44661,19961.08,11.97
88618924e1fffff,ward_156,156,Srinagar,170-BASAVANAGUDI,3.5794646290232306,41379,49473,11560.11,6.21
8861892539fffff,ward_141,141,Azad Nagar,168-CHAMARAJPET,2.285268375939188,38825,46420,16989.25,10.61
88618924bdfffff,ward_135,135,Padarayanapura,168-CHAMARAJPET,1.63340840066079,37599,44954,23018.74,13.94
8861892c95fffff,ward_134,134,Bapuji Nagar,167-VIJAYA NAGAR,6.711067531160504,49484,59164,7373.49,2.73
8860145b5bfffff,ward_14,14,Bagalakunte,155-DASARAHALLI,0.6290522001665323,65113,77850,103509.69,29.55
8860145a03fffff,ward_84,84,Hagadur,174-MAHADEVAPURA (SC),2.0202276759719613,50556,60446,25024.9,15.61
8861892423fffff,ward_166,166,Karisandra,171-PADMANABA NAGAR,4.464401079959151,27040,32330,6056.8,1.36
8860145a25fffff,ward_29,29,Kacharkanahalli,160-SARVARGNA NAGAR,0.6695517610081797,33588,40158,50164.9,25.15
8860145865fffff,ward_65,65,Kadu Malleshwar Ward,157-MALLESWARAM,0.8983825188739504,35609,42575,39636.79,21.82
8860145931fffff,ward_176,176,BTM Layout,172-B.T.M. LAYOUT,3.6412306220366237,52250,62471,14349.54,8.48
886016960bfffff,ward_180,180,Banashankari Temple ward,171-PADMANABA NAGAR,9.578617598909121,42171,50420,4402.62,0.76
8861892515fffff,ward_129,129,Jnana Bharathi ward,154-RAJARAJESHWARI NAGAR,10.475227420963284,68132,81460,6504.11,2.12
8860145165fffff,ward_169,169,Byrasandra,173-JAYANAGAR,9.718476291499606,32066,38339,3299.49,0.15
88618925d1fffff,ward_109,109,Chickpete,164-GANDHI NAGAR,0.8484376635748521,33292,39805,39239.18,21.52
8860145819fffff,ward_140,140,Chamrajapet,168-CHAMARAJPET,3.5592387822415783,32213,38514,9050.53,4.7
8861892c23fffff,ward_193,193,Arakere,175-BOMMANAHALLI,13.880135480484746,58355,69770,4204.21,0.45
8860145845fffff,ward_54,54,Hudi,174-MAHADEVAPURA (SC),1.229873086731914,50191,60009,40809.9,22.27
8861892ed9fffff,ward_69,69,Laggere,154-RAJARAJESHWARI NAGAR,1.9678000941583473,57077,68242,29005.49,17.88
88601459c3fffff,ward_194,194,Gottigere,176-BANGALORE SOUTH,8.494245677977535,51911,62066,6111.31,1.52
8860169647fffff,ward_198,198,Hemmigepura,153-YESHVANTHAPURA,4.964559449844203,50440,60307,10160.02,5.45
8861892489fffff,ward_171,171,Gurappanapalya,173-JAYANAGAR,3.6814540207803437,48991,58575,13307.51,7.88
8860145b57fffff,ward_3,3,Atturu,150-YELAHANKA,1.3099718540663754,58129,69500,44374.24,23.33
886014581dfffff,ward_140,140,Chamrajapet,168-CHAMARAJPET,3.5592387822415783,32213,38514,9050.53,4.7
8860145b17fffff,ward_27,27,Banasavadi,160-SARVARGNA NAGAR,1.1515446659252853,51268,61297,44521.07,23.48
8861892e03fffff,ward_197,197,Vasanthpura,176-BANGALORE SOUTH,3.84845446459072,62057,74196,16125.17,10.0
8860145137fffff,ward_189,189,Hongasandra,175-BOMMANAHALLI,5.51628692879465,68554,81964,12427.56,7.12
8861892d99fffff,ward_191,191,Singasandra,177-ANEKAL (SC),11.28212209127664,71004,84894,6293.5,1.82
886189258dfffff,ward_77,77,Dattatreya Temple,164-GANDHI NAGAR,2.783377728451465,33388,39919,11995.5,6.67
88618925d3fffff,ward_122,122,Kempapura Agrahara,167-VIJAYA NAGAR,1.8598463132705414,40032,47863,21524.36,13.03
8860145967fffff,ward_151,151,Koramangala,172-B.T.M. LAYOUT,4.434349980467449,38316,45811,8640.73,4.09
8861892c97fffff,ward_98,98,Prakash Nagar,165-RAJAJI NAGAR,3.1531754915743586,32913,39351,10438.05,5.61
8861892e57fffff,ward_182,182,Padmanabha Nagar,171-PADMANABA NAGAR,2.8028077176905937,41037,49065,14641.39,8.79
8860145935fffff,ward_184,184,Uttarahalli,176-BANGALORE SOUTH,7.5669895439451444,57209,68400,7560.34,3.18
88601459e1fffff,ward_195,195,Konankunte,176-BANGALORE SOUTH,1.8687757429360972,57335,68551,30680.51,18.48
8861892e07fffff,ward_197,197,Vasanthpura,176-BANGALORE SOUTH,3.84845446459072,62057,74196,16125.17,10.0
8860145923fffff,ward_184,184,Uttarahalli,176-BANGALORE SOUTH,7.5669895439451444,57209,68400,7560.34,3.18
8861892e11fffff,ward_170,170,Jayanagar East,173-JAYANAGAR,1.740940622861335,33927,40564,19487.74,11.67
88618925cbfffff,ward_126,126,Maruthi Mandir ward,166-GOVINDRAJA NAGAR,1.8108898478004853,29319,35054,16190.38,10.3
8860145a11fffff,ward_136,136,Jagajivanaramnagar,168-CHAMARAJPET,10.274601447165209,38639,46197,3760.63,0.3
8861892e93fffff,ward_4,4,Yelahanka Satellite Town,150-YELAHANKA,4.200543062144555,41986,50199,9995.37,5.3
8860145805fffff,ward_111,111,Shantala Nagar,163-SHANTI NAGAR,3.4691569034746004,22995,27493,6628.41,2.27
8860145a2bfffff,ward_47,47,Devara Jeevanahalli,159-PULAKESHI NAGAR (SC),0.7444744704093965,42135,50377,56596.97,26.36
886016965dfffff,ward_180,180,Banashankari Temple ward,171-PADMANABA NAGAR,9.578617598909121,42171,50420,4402.62,0.76
8860145841fffff,ward_79,79,Sarvagna Nagar,161-C.V. RAMAN NAGAR (SC),1.361947436892095,37291,44586,27380.65,16.82
8860145a29fffff,ward_37,37,Yeshwanthpura,154-RAJARAJESHWARI NAGAR,0.6430798704656797,41107,49148,63922.08,26.97
8861892ee5fffff,ward_144,144,Siddapura,169-CHICKPET,3.9798351015130167,34879,41702,8763.93,4.24
8860145855fffff,ward_111,111,Shantala Nagar,163-SHANTI NAGAR,3.4691569034746004,22995,27493,6628.41,2.27
886014584bfffff,ward_74,74,Shakthi Ganapathi Nagar,156-MAHALAXMI LAYOUT,0.8273489496576044,43844,52421,52993.36,25.76
886014585bfffff,ward_136,136,Jagajivanaramnagar,168-CHAMARAJPET,10.274601447165209,38639,46197,3760.63,0.3
8860145b05fffff,ward_16,16,Jalahalli,154-RAJARAJESHWARI NAGAR,0.8155709647461572,37959,45384,46542.85,23.94
8861892e31fffff,ward_188,188,Bilekhalli,175-BOMMANAHALLI,1.8663596984896098,49884,59642,26727.97,16.67
8860145b49fffff,ward_21,21,Hebbala,158-HEBBAL,5.0453193703937185,32516,38877,6444.79,1.97
8860145925fffff,ward_181,181,Kumaraswamy Layout,171-PADMANABA NAGAR,2.42947077848059,47182,56412,19420.69,11.52
8861892ec7fffff,ward_146,146,Lakkasandra,172-B.T.M. LAYOUT,3.405320760999294,30667,36666,9005.61,4.55
88601458e1fffff,ward_175,175,Bommanahalli,175-BOMMANAHALLI,5.718662418788916,43585,52111,7621.54,3.33
8861892dd3fffff,ward_191,191,Singasandra,177-ANEKAL (SC),11.28212209127664,71004,84894,6293.5,1.82
886014593dfffff,ward_184,184,Uttarahalli,176-BANGALORE SOUTH,7.5669895439451444,57209,68400,7560.34,3.18
8860145a45fffff,ward_62,62,Ramaswamy Palya,162-SHIVAJI NAGAR,0.9195187303413513,34394,41122,37404.35,21.06
886189258bfffff,ward_58,58,New Tippasandara,161-C.V. RAMAN NAGAR (SC),1.5361057038022832,43983,52587,28632.8,17.42
886189243dfffff,ward_157,157,Gali Anjenaya Temple ward,167-VIJAYA NAGAR,1.3834499958436115,34653,41432,25048.25,15.76
88601458e9fffff,ward_175,175,Bommanahalli,175-BOMMANAHALLI,5.718662418788916,43585,52111,7621.54,3.33
8860145169fffff,ward_169,169,Byrasandra,173-JAYANAGAR,9.718476291499606,32066,38339,3299.49,0.15
886014586bfffff,ward_70,70,Rajagopal Nagar,155-DASARAHALLI,0.7780251694249479,61479,73505,79019.29,28.64
8860145b33fffff,ward_50,50,Benniganahalli,161-C.V. RAMAN NAGAR (SC),2.6788734626008535,49094,58698,18326.36,11.06
8861892c9bfffff,ward_98,98,Prakash Nagar,165-RAJAJI NAGAR,3.1531754915743586,32913,39351,10438.05,5.61
88618924edfffff,ward_156,156,Srinagar,170-BASAVANAGUDI,3.5794646290232306,41379,49473,11560.11,6.21
886189248dfffff,ward_171,171,Gurappanapalya,173-JAYANAGAR,3.6814540207803437,48991,58575,13307.51,7.88
8860145b55fffff,ward_1,1,Kempegowda Ward,150-YELAHANKA,2.0638005875681786,34783,41587,16853.86,10.45
8861892501fffff,ward_190,190,Mangammanapalya,175-BOMMANAHALLI,10.514557139987174,65890,78779,6266.55,1.67
8861892593fffff,ward_64,64,Rajamahal Guttahalli,157-MALLESWARAM,2.016925518686439,31118,37205,15428.43,9.55
8860145a59fffff,ward_137,137,Rayapuram,168-CHAMARAJPET,1.9275694314298075,36039,43089,18696.6,11.36
8861892cedfffff,ward_162,162,Girinagar,170-BASAVANAGUDI,6.238974779573723,43195,51645,6923.41,2.42
886189252bfffff,ward_141,141,Azad Nagar,168-CHAMARAJPET,2.285268375939188,38825,46420,16989.25,10.61
8860145a4bfffff,ward_91,91,Bharathi Nagar,162-SHIVAJI NAGAR,1.7898295905792851,32689,39084,18263.75,10.91
88618925c9fffff,ward_138,138,Chalavadipalya,168-CHAMARAJPET,2.174514866569584,24801,29653,11405.3,6.06
8861892cc3fffff,ward_88,88,Jeevanbhima Nagar,161-C.V. RAMAN NAGAR (SC),1.7109729959193272,38251,45734,22356.29,13.18
8860145a69fffff,ward_48,48,Muneshwara Nagar,159-PULAKESHI NAGAR (SC),1.7137162483188138,35814,42820,20898.44,12.58
8861892547fffff,ward_190,190,Mangammanapalya,175-BOMMANAHALLI,10.514557139987174,65890,78779,6266.55,1.67
8861892583fffff,ward_58,58,New Tippasandara,161-C.V. RAMAN NAGAR (SC),1.5361057038022832,43983,52587,28632.8,17.42
8861892405fffff,ward_185,185,Yelchenahalli,176-BANGALORE SOUTH,1.9040521901953993,46943,56126,24654.26,15.15
8860145a53fffff,ward_159,159,Kengeri,153-YESHVANTHAPURA,8.369607592207206,40771,48747,4871.32,0.91
8861892411fffff,ward_192,192,Begur,176-BANGALORE SOUTH,5.957356922108901,80037,95694,13434.98,8.03
8861892519fffff,ward_129,129,Jnana Bharathi ward,154-RAJARAJESHWARI NAGAR,10.475227420963284,68132,81460,6504.11,2.12
8860145a31fffff,ward_103,103,Kaveripura,166-GOVINDRAJA NAGAR,0.9055524692640009,53532,64004,59115.29,26.52
88618924cdfffff,ward_192,192,Begur,176-BANGALORE SOUTH,5.957356922108901,80037,95694,13434.98,8.03
8861892415fffff,ward_164,164,Vidyapeeta ward,170-BASAVANAGUDI,3.662317475354409,43483,51989,11873.08,6.36
8860145839fffff,ward_152,152,Suddagunte Palya,172-B.T.M. LAYOUT,1.235097552764853,39997,47821,32383.68,19.09
88618924b1fffff,ward_128,128,Nagarabhavi,166-GOVINDRAJA NAGAR,1.5645100957317917,35780,42779,22869.78,13.64
8860145811fffff,ward_165,165,Ganesh Mandir ward,171-PADMANABA NAGAR,4.377479094097137,25998,31084,5939.03,1.21
8861892517fffff,ward_129,129,Jnana Bharathi ward,154-RAJARAJESHWARI NAGAR,10.475227420963284,68132,81460,6504.11,2.12
8860145833fffff,ward_175,175,Bommanahalli,175-BOMMANAHALLI,5.718662418788916,43585,52111,7621.54,3.33
8860145961fffff,ward_151,151,Koramangala,172-B.T.M. LAYOUT,4.434349980467449,38316,45811,8640.73,4.09
88618924c1fffff,ward_192,192,Begur,176-BANGALORE SOUTH,5.957356922108901,80037,95694,13434.98,8.03
8860145b3dfffff,ward_31,31,Kushal Nagar,159-PULAKESHI NAGAR (SC),2.7998499250516478,41936,50139,14977.95,9.39
8861892ccdfffff,ward_143,143,Vishveshwara Puram,169-CHICKPET,3.689595503132354,32462,38812,8798.25,4.39
88601459cdfffff,ward_158,158,Deepanjali Nagar,167-VIJAYA NAGAR,4.779090200105511,45928,54912,9610.2,5.0
8861892c9dfffff,ward_90,90,Halsoor,162-SHIVAJI NAGAR,1.4066130911243209,35090,41954,24946.45,15.45
8860145809fffff,ward_111,111,Shantala Nagar,163-SHANTI NAGAR,3.4691569034746004,22995,27493,6628.41,2.27
8860145addfffff,ward_189,189,Hongasandra,175-BOMMANAHALLI,5.51628692879465,68554,81964,12427.56,7.12
8860145a1dfffff,ward_136,136,Jagajivanaramnagar,168-CHAMARAJPET,10.274601447165209,38639,46197,3760.63,0.3
88601459d5fffff,ward_194,194,Gottigere,176-BANGALORE SOUTH,8.494245677977535,51911,62066,6111.31,1.52
8861892e19fffff,ward_170,170,Jayanagar East,173-JAYANAGAR,1.740940622861335,33927,40564,19487.74,11.67
8860169653fffff,ward_181,181,Kumaraswamy Layout,171-PADMANABA NAGAR,2.42947077848059,47182,56412,19420.69,11.52
8860145b03fffff,ward_19,19,Sanjaya Nagar,158-HEBBAL,0.6835696943361862,32491,38847,47531.36,24.24
8860145a0dfffff,ward_51,51,Vijnanapura,151-K.R.PURA,0.5910809691875871,46159,55189,78092.52,28.48
886016964bfffff,ward_180,180,Banashankari Temple ward,171-PADMANABA NAGAR,9.578617598909121,42171,50420,4402.62,0.76
8860145831fffff,ward_175,175,Bommanahalli,175-BOMMANAHALLI,5.718662418788916,43585,52111,7621.54,3.33
8860145a13fffff,ward_136,136,Jagajivanaramnagar,168-CHAMARAJPET,10.274601447165209,38639,46197,3760.63,0.3
8860145b5dfffff,ward_2,2,Chowdeswari Ward,150-YELAHANKA,0.7543801338753476,36602,43762,48519.31,24.55
8860145ae3fffff,ward_136,136,Jagajivanaramnagar,168-CHAMARAJPET,10.274601447165209,38639,46197,3760.63,0.3
8861892521fffff,ward_173,173,Jakkasandra,172-B.T.M. LAYOUT,7.643721832559032,33521,40078,4385.43,0.61
8861892c99fffff,ward_98,98,Prakash Nagar,165-RAJAJI NAGAR,3.1531754915743586,32913,39351,10438.05,5.61
8861892eb9fffff,ward_61,61,S K Garden,159-PULAKESHI NAGAR (SC),0.8451850729910587,38050,45493,45019.73,23.64
8861892cb3fffff,ward_142,142,Sunkenahalli,169-CHICKPET,2.480079699463584,34666,41447,13977.78,8.33
8860145945fffff,ward_102,102,Vrisabhavathi Nagar,156-MAHALAXMI LAYOUT,2.1966468259843404,50893,60849,23168.49,14.09
8861892dd1fffff,ward_191,191,Singasandra,177-ANEKAL (SC),11.28212209127664,71004,84894,6293.5,1.82
8861892e05fffff,ward_197,197,Vasanthpura,176-BANGALORE SOUTH,3.84845446459072,62057,74196,16125.17,10.0
8860145a05fffff,ward_59,59,Maruthi Seva Nagar,160-SARVARGNA NAGAR,1.061540793571959,40362,48258,38022.09,21.21
8860145803fffff,ward_140,140,Chamrajapet,168-CHAMARAJPET,3.5592387822415783,32213,38514,9050.53,4.7
8860145a17fffff,ward_124,124,Hosahalli,167-VIJAYA NAGAR,1.3125484912020804,37347,44653,28453.81,17.27
8860145ae9fffff,ward_136,136,Jagajivanaramnagar,168-CHAMARAJPET,10.274601447165209,38639,46197,3760.63,0.3
88618920b1fffff,ward_190,190,Mangammanapalya,175-BOMMANAHALLI,10.514557139987174,65890,78779,6266.55,1.67
8860145919fffff,ward_127,127,Mudalapalya,166-GOVINDRAJA NAGAR,5.485194425632322,43729,52283,7972.19,3.64
886014580dfffff,ward_70,70,Rajagopal Nagar,155-DASARAHALLI,0.7780251694249479,61479,73505,79019.29,28.64
88618925a9fffff,ward_21,21,Hebbala,158-HEBBAL,5.0453193703937185,32516,38877,6444.79,1.97
8860145b4dfffff,ward_21,21,Hebbala,158-HEBBAL,5.0453193703937185,32516,38877,6444.79,1.97
88618924c7fffff,ward_171,171,Gurappanapalya,173-JAYANAGAR,3.6814540207803437,48991,58575,13307.51,7.88
88618924c5fffff,ward_192,192,Begur,176-BANGALORE SOUTH,5.957356922108901,80037,95694,13434.98,8.03
8860145b1bfffff,ward_26,26,Ramamurthy Nagar,151-K.R.PURA,1.2925133551282173,47358,56622,36640.24,20.91
886189255bfffff,ward_186,186,Jaraganahalli,175-BOMMANAHALLI,3.929076933128007,38294,45785,9746.31,5.15
8860145959fffff,ward_76,76,Gayithri Nagar,157-MALLESWARAM,1.5826321942954351,33236,39738,21000.46,12.73
8861892585fffff,ward_77,77,Dattatreya Temple,164-GANDHI NAGAR,2.783377728451465,33388,39919,11995.5,6.67
88618924b5fffff,ward_128,128,Nagarabhavi,166-GOVINDRAJA NAGAR,1.5645100957317917,35780,42779,22869.78,13.64
88618925cdfffff,ward_120,120,Cottonpete,164-GANDHI NAGAR,3.119557146487304,37344,44649,11970.93,6.52
8860145125fffff,ward_159,159,Kengeri,153-YESHVANTHAPURA,8.369607592207206,40771,48747,4871.32,0.91
8860145861fffff,ward_78,78,Pulikeshinagar,159-PULAKESHI NAGAR (SC),0.9063089344748657,28835,34476,31815.86,18.94
8861892cd9fffff,ward_57,57,C V Raman Nagar,161-C.V. RAMAN NAGAR (SC),0.5455307389927045,58815,70320,107812.44,29.7
8860145817fffff,ward_165,165,Ganesh Mandir ward,171-PADMANABA NAGAR,4.377479094097137,25998,31084,5939.03,1.21
8860145105fffff,ward_159,159,Kengeri,153-YESHVANTHAPURA,8.369607592207206,40771,48747,4871.32,0.91
886016961dfffff,ward_180,180,Banashankari Temple ward,171-PADMANABA NAGAR,9.578617598909121,42171,50420,4402.62,0.76
8861892cb1fffff,ward_134,134,Bapuji Nagar,167-VIJAYA NAGAR,6.711067531160504,49484,59164,7373.49,2.73
8860145a3dfffff,ward_60,60,Sagayarapuram,159-PULAKESHI NAGAR (SC),0.6983128712376393,35334,42246,50599.1,25.3
886014593bfffff,ward_176,176,BTM Layout,172-B.T.M. LAYOUT,3.6412306220366237,52250,62471,14349.54,8.48
886189256dfffff,ward_190,190,Mangammanapalya,175-BOMMANAHALLI,10.514557139987174,65890,78779,6266.55,1.67
8860145b21fffff,ward_39,39,Chokkasandra,155-DASARAHALLI,7.903777186032147,59289,70887,7501.35,2.88
8860145a3bfffff,ward_124,124,Hosahalli,167-VIJAYA NAGAR,1.3125484912020804,37347,44653,28453.81,17.27
88601696ddfffff,ward_196,196,Anjanapura,176-BANGALORE SOUTH,6.058223240894549,45608,54530,7528.28,3.03
8861892495fffff,ward_163,163,Katriguppe,170-BASAVANAGUDI,3.5475319999232604,45572,54487,12846.11,7.42
8860145163fffff,ward_169,169,Byrasandra,173-JAYANAGAR,9.718476291499606,32066,38339,3299.49,0.15
88618925c7fffff,ward_77,77,Dattatreya Temple,164-GANDHI NAGAR,2.783377728451465,33388,39919,11995.5,6.67
8861892e33fffff,ward_167,167,Yediyur,171-PADMANABA NAGAR,2.720036813590176,32756,39164,12042.48,6.82
8861892e8bfffff,ward_80,80,Hoysala Nagar,161-C.V. RAMAN NAGAR (SC),4.2444040114086174,35228,42119,8299.87,3.94
8861892cc9fffff,ward_107,107,Shivanagara,165-RAJAJI NAGAR,1.5681064528760322,36461,43593,23251.61,14.24
8861892467fffff,ward_186,186,Jaraganahalli,175-BOMMANAHALLI,3.929076933128007,38294,45785,9746.31,5.15
88601696c9fffff,ward_184,184,Uttarahalli,176-BANGALORE SOUTH,7.5669895439451444,57209,68400,7560.34,3.18
8861892531fffff,ward_141,141,Azad Nagar,168-CHAMARAJPET,2.285268375939188,38825,46420,16989.25,10.61
8861892c11fffff,ward_143,143,Vishveshwara Puram,169-CHICKPET,3.689595503132354,32462,38812,8798.25,4.39
8860145b61fffff,ward_7,7,Byatarayanapura,152-BYATARAYANAPURA,4.617433818510921,72154,86269,15626.43,9.85
8861892eb1fffff,ward_61,61,S K Garden,159-PULAKESHI NAGAR (SC),0.8451850729910587,38050,45493,45019.73,23.64
88618924b7fffff,ward_137,137,Rayapuram,168-CHAMARAJPET,1.9275694314298075,36039,43089,18696.6,11.36
8861892e37fffff,ward_188,188,Bilekhalli,175-BOMMANAHALLI,1.8663596984896098,49884,59642,26727.97,16.67
8861892435fffff,ward_164,164,Vidyapeeta ward,170-BASAVANAGUDI,3.662317475354409,43483,51989,11873.08,6.36
8860145b6dfffff,ward_41,41,Peenya Industrial Area,155-DASARAHALLI,2.2685725626563973,57814,69123,25484.75,16.21
8860145939fffff,ward_150,150,Bellanduru,174-MAHADEVAPURA (SC),5.473991502827782,80180,95865,14647.45,8.94
8861892cabfffff,ward_161,161,Hosakerehalli,171-PADMANABA NAGAR,3.7826072874105576,46805,55961,12373.74,6.97
8861892421fffff,ward_166,166,Karisandra,171-PADMANABA NAGAR,4.464401079959151,27040,32330,6056.8,1.36
8861892c0bfffff,ward_193,193,Arakere,175-BOMMANAHALLI,13.880135480484746,58355,69770,4204.21,0.45
886014591dfffff,ward_150,150,Bellanduru,174-MAHADEVAPURA (SC),5.473991502827782,80180,95865,14647.45,8.94
88601459dbfffff,ward_194,194,Gottigere,176-BANGALORE SOUTH,8.494245677977535,51911,62066,6111.31,1.52
8861892c15fffff,ward_193,193,Arakere,175-BOMMANAHALLI,13.880135480484746,58355,69770,4204.21,0.45
886014584dfffff,ward_43,43,Nandini Layout,156-MAHALAXMI LAYOUT,1.1651648328848032,51200,61216,43942.28,23.18
8860145953fffff,ward_108,108,Sriramamandir,165-RAJAJI NAGAR,1.6268848195085228,33866,40491,20816.47,12.42
8861892ee9fffff,ward_148,148,Ejipura,172-B.T.M. LAYOUT,3.029500253856791,47004,56199,15515.43,9.7
8860145aedfffff,ward_115,115,Vannarpet,163-SHANTI NAGAR,2.2958450700243223,37060,44310,16142.2,10.15
8861892413fffff,ward_192,192,Begur,176-BANGALORE SOUTH,5.957356922108901,80037,95694,13434.98,8.03
8860145a1bfffff,ward_159,159,Kengeri,153-YESHVANTHAPURA,8.369607592207206,40771,48747,4871.32,0.91
88618925d9fffff,ward_139,139,K R Market,168-CHAMARAJPET,1.0615662610550132,29344,35084,27642.17,16.97
8860145a89fffff,ward_177,177,J P Nagar,173-JAYANAGAR,3.758952347861124,28846,34489,7673.95,3.48
8861892cc7fffff,ward_123,123,Vijayanagar,167-VIJAYA NAGAR,1.5950688529487715,40331,48220,25284.8,16.06
8860145ac7fffff,ward_177,177,J P Nagar,173-JAYANAGAR,3.758952347861124,28846,34489,7673.95,3.48
8860145abdfffff,ward_183,183,Chikkalsandra,171-PADMANABA NAGAR,7.316369615987752,43364,51847,5926.98,1.06
8860145ae7fffff,ward_155,155,Hanumanth Nagar,170-BASAVANAGUDI,4.468207916623614,36982,44216,8276.7,3.79
8861892cc5fffff,ward_143,143,Vishveshwara Puram,169-CHICKPET,3.689595503132354,32462,38812,8798.25,4.39
8861892c8dfffff,ward_162,162,Girinagar,170-BASAVANAGUDI,6.238974779573723,43195,51645,6923.41,2.42
886014592bfffff,ward_184,184,Uttarahalli,176-BANGALORE SOUTH,7.5669895439451444,57209,68400,7560.34,3.18
8861892513fffff,ward_104,104,Govindaraja Nagar,166-GOVINDRAJA NAGAR,1.122522141833327,26873,32130,23939.84,14.85
8860145965fffff,ward_142,142,Sunkenahalli,169-CHICKPET,2.480079699463584,34666,41447,13977.78,8.33
8861892ccbfffff,ward_107,107,Shivanagara,165-RAJAJI NAGAR,1.5681064528760322,36461,43593,23251.61,14.24
8861892491fffff,ward_169,169,Byrasandra,173-JAYANAGAR,9.718476291499606,32066,38339,3299.49,0.15
88601696c7fffff,ward_196,196,Anjanapura,176-BANGALORE SOUTH,6.058223240894549,45608,54530,7528.28,3.03
88618925ddfffff,ward_109,109,Chickpete,164-GANDHI NAGAR,0.8484376635748521,33292,39805,39239.18,21.52
886014590bfffff,ward_150,150,Bellanduru,174-MAHADEVAPURA (SC),5.473991502827782,80180,95865,14647.45,8.94
8861892ea1fffff,ward_131,131,Nayandahalli,166-GOVINDRAJA NAGAR,1.6133165255080228,42785,51155,26519.9,16.52
8860145b3bfffff,ward_50,50,Benniganahalli,161-C.V. RAMAN NAGAR (SC),2.6788734626008535,49094,58698,18326.36,11.06
8861892ce7fffff,ward_162,162,Girinagar,170-BASAVANAGUDI,6.238974779573723,43195,51645,6923.41,2.42
88601696cbfffff,ward_196,196,Anjanapura,176-BANGALORE SOUTH,6.058223240894549,45608,54530,7528.28,3.03
8861892545fffff,ward_190,190,Mangammanapalya,175-BOMMANAHALLI,10.514557139987174,65890,78779,6266.55,1.67
8860145b37fffff,ward_50,50,Benniganahalli,161-C.V. RAMAN NAGAR (SC),2.6788734626008535,49094,58698,18326.36,11.06
8860145b2dfffff,ward_45,45,Malleswaram,157-MALLESWARAM,1.5109640304205672,34196,40885,22631.91,13.33
8861892e83fffff,ward_80,80,Hoysala Nagar,161-C.V. RAMAN NAGAR (SC),4.2444040114086174,35228,42119,8299.87,3.94
8861892569fffff,ward_190,190,Mangammanapalya,175-BOMMANAHALLI,10.514557139987174,65890,78779,6266.55,1.67
8860145b1dfffff,ward_6,6,Thanisandra,152-BYATARAYANAPURA,0.8142910569605905,71855,85911,88242.4,29.24
8861892c1bfffff,ward_143,143,Vishveshwara Puram,169-CHICKPET,3.689595503132354,32462,38812,8798.25,4.39
88618925b3fffff,ward_11,11,Kuvempu Nagar,152-BYATARAYANAPURA,1.441008941664834,37128,44391,25765.28,16.36
8861892427fffff,ward_138,138,Chalavadipalya,168-CHAMARAJPET,2.174514866569584,24801,29653,11405.3,6.06
88618924e3fffff,ward_154,154,Basavanagudi,170-BASAVANAGUDI,1.8152146976192023,32640,39025,17981.34,10.76
8861892e97fffff,ward_34,34,Gangenahalli,158-HEBBAL,0.6636135080315342,24308,29063,36629.75,20.76
8860145a83fffff,ward_177,177,J P Nagar,173-JAYANAGAR,3.758952347861124,28846,34489,7673.95,3.48
88618924adfffff,ward_93,93,Vasanth Nagar,162-SHIVAJI NAGAR,3.1228487916861454,22815,27278,7305.83,2.58
8861892553fffff,ward_166,166,Karisandra,171-PADMANABA NAGAR,4.464401079959151,27040,32330,6056.8,1.36
88618925abfffff,ward_24,24,HBR Layout,160-SARVARGNA NAGAR,1.4406080473686644,58967,70502,40932.02,22.42
8861892e95fffff,ward_41,41,Peenya Industrial Area,155-DASARAHALLI,2.2685725626563973,57814,69123,25484.75,16.21
88601459c5fffff,ward_174,174,HSR Layout,175-BOMMANAHALLI,3.1786607973490044,63033,75363,19830.05,11.82
88618925d7fffff,ward_95,95,Subhash Nagar,164-GANDHI NAGAR,0.9485424908567129,37693,45066,39737.81,21.97
886014583dfffff,ward_132,132,Attiguppe,167-VIJAYA NAGAR,1.7480813081333266,41487,49603,23732.88,14.7
8861892507fffff,ward_173,173,Jakkasandra,172-B.T.M. LAYOUT,7.643721832559032,33521,40078,4385.43,0.61
886189248bfffff,ward_178,178,Sarakki,173-JAYANAGAR,3.396402318423853,31034,37105,9137.32,4.85
8860145ac3fffff,ward_189,189,Hongasandra,175-BOMMANAHALLI,5.51628692879465,68554,81964,12427.56,7.12
8860145b0bfffff,ward_3,3,Atturu,150-YELAHANKA,1.3099718540663754,58129,69500,44374.24,23.33
88601459c1fffff,ward_158,158,Deepanjali Nagar,167-VIJAYA NAGAR,4.779090200105511,45928,54912,9610.2,5.0
8861892ca1fffff,ward_191,191,Singasandra,177-ANEKAL (SC),11.28212209127664,71004,84894,6293.5,1.82
88601696d9fffff,ward_196,196,Anjanapura,176-BANGALORE SOUTH,6.058223240894549,45608,54530,7528.28,3.03
8861892c2bfffff,ward_193,193,Arakere,175-BOMMANAHALLI,13.880135480484746,58355,69770,4204.21,0.45
8860145857fffff,ward_140,140,Chamrajapet,168-CHAMARAJPET,3.5592387822415783,32213,38514,9050.53,4.7
8861892461fffff,ward_186,186,Jaraganahalli,175-BOMMANAHALLI,3.929076933128007,38294,45785,9746.31,5.15
88618924a3fffff,ward_119,119,Dharmaraya Swamy Temple wa,169-CHICKPET,0.7439718540970088,27076,32373,36393.85,20.61
8860145a15fffff,ward_136,136,Jagajivanaramnagar,168-CHAMARAJPET,10.274601447165209,38639,46197,3760.63,0.3
8861892eddfffff,ward_106,106,Dr. Raj Kumar Ward,166-GOVINDRAJA NAGAR,2.142383667073516,24181,28911,11286.96,5.91
8860145a6dfffff,ward_25,25,Horamavu,151-K.R.PURA,2.4261848865644544,95368,114024,39307.8,21.67
8860145127fffff,ward_159,159,Kengeri,153-YESHVANTHAPURA,8.369607592207206,40771,48747,4871.32,0.91
8860145b11fffff,ward_22,22,Vishwanath Nagenahalli,158-HEBBAL,1.0052485397938336,51592,61684,51322.63,25.45
8860145951fffff,ward_108,108,Sriramamandir,165-RAJAJI NAGAR,1.6268848195085228,33866,40491,20816.47,12.42
8860145b0dfffff,ward_7,7,Byatarayanapura,152-BYATARAYANAPURA,4.617433818510921,72154,86269,15626.43,9.85
886189253bfffff,ward_129,129,Jnana Bharathi ward,154-RAJARAJESHWARI NAGAR,10.475227420963284,68132,81460,6504.11,2.12
8861892e1dfffff,ward_187,187,Puttenahalli,175-BOMMANAHALLI,3.825602947988386,49207,58833,12862.55,7.58
8861892c5bfffff,ward_153,153,Jayanagar,169-CHICKPET,2.57083415371153,38151,45614,14839.93,9.24
8861892407fffff,ward_168,168,Pattabhiram Nagar,173-JAYANAGAR,0.9826784228962981,28353,33899,28852.78,17.58
8861892e17fffff,ward_187,187,Puttenahalli,175-BOMMANAHALLI,3.825602947988386,49207,58833,12862.55,7.58
8861892c5dfffff,ward_193,193,Arakere,175-BOMMANAHALLI,13.880135480484746,58355,69770,4204.21,0.45
8861892cddfffff,ward_88,88,Jeevanbhima Nagar,161-C.V. RAMAN NAGAR (SC),1.7109729959193272,38251,45734,22356.29,13.18
8860145853fffff,ward_155,155,Hanumanth Nagar,170-BASAVANAGUDI,4.468207916623614,36982,44216,8276.7,3.79
886014590dfffff,ward_150,150,Bellanduru,174-MAHADEVAPURA (SC),5.473991502827782,80180,95865,14647.45,8.94
886189259dfffff,ward_72,72,Herohalli,153-YESHVANTHAPURA,1.1662936369029084,62272,74454,53393.07,25.91
88618924b9fffff,ward_135,135,Padarayanapura,168-CHAMARAJPET,1.63340840066079,37599,44954,23018.74,13.94
88618924d7fffff,ward_178,178,Sarakki,173-JAYANAGAR,3.396402318423853,31034,37105,9137.32,4.85
8860145a0bfffff,ward_84,84,Hagadur,174-MAHADEVAPURA (SC),2.0202276759719613,50556,60446,25024.9,15.61
8860169609fffff,ward_198,198,Hemmigepura,153-YESHVANTHAPURA,4.964559449844203,50440,60307,10160.02,5.45
8860145a51fffff,ward_117,117,Shanthi Nagar,163-SHANTI NAGAR,0.9978784701034406,42095,50330,42184.5,22.58
8861892ed3fffff,ward_69,69,Laggere,154-RAJARAJESHWARI NAGAR,1.9678000941583473,57077,68242,29005.49,17.88
886189243bfffff,ward_164,164,Vidyapeeta ward,170-BASAVANAGUDI,3.662317475354409,43483,51989,11873.08,6.36
8860145b69fffff,ward_7,7,Byatarayanapura,152-BYATARAYANAPURA,4.617433818510921,72154,86269,15626.43,9.85
8861892ed1fffff,ward_69,69,Laggere,154-RAJARAJESHWARI NAGAR,1.9678000941583473,57077,68242,29005.49,17.88
8861892eb3fffff,ward_49,49,Lingarajapura,160-SARVARGNA NAGAR,1.8630883812041485,37955,45380,20372.09,12.12
8861892e87fffff,ward_89,89,Jogupalya,163-SHANTI NAGAR,2.311956377215608,33793,40404,14616.63,8.64
8861892cadfffff,ward_191,191,Singasandra,177-ANEKAL (SC),11.28212209127664,71004,84894,6293.5,1.82
8861892587fffff,ward_36,36,Mattikere,157-MALLESWARAM,1.278213994679142,37036,44281,28974.8,17.73
8861892c3bfffff,ward_193,193,Arakere,175-BOMMANAHALLI,13.880135480484746,58355,69770,4204.21,0.45
8861892e89fffff,ward_80,80,Hoysala Nagar,161-C.V. RAMAN NAGAR (SC),4.2444040114086174,35228,42119,8299.87,3.94
88618925a7fffff,ward_21,21,Hebbala,158-HEBBAL,5.0453193703937185,32516,38877,6444.79,1.97
8861892c93fffff,ward_98,98,Prakash Nagar,165-RAJAJI NAGAR,3.1531754915743586,32913,39351,10438.05,5.61
886016965bfffff,ward_180,180,Banashankari Temple ward,171-PADMANABA NAGAR,9.578617598909121,42171,50420,4402.62,0.76
8860145835fffff,ward_158,158,Deepanjali Nagar,167-VIJAYA NAGAR,4.779090200105511,45928,54912,9610.2,5.0
8861892481fffff,ward_178,178,Sarakki,173-JAYANAGAR,3.396402318423853,31034,37105,9137.32,4.85
8860145aadfffff,ward_155,155,Hanumanth Nagar,170-BASAVANAGUDI,4.468207916623614,36982,44216,8276.7,3.79
886014512bfffff,ward_159,159,Kengeri,153-YESHVANTHAPURA,8.369607592207206,40771,48747,4871.32,0.91
8861892eb7fffff,ward_67,67,Nagapura,156-MAHALAXMI LAYOUT,0.5320772266763949,34574,41337,64979.29,27.12
8861892439fffff,ward_164,164,Vidyapeeta ward,170-BASAVANAGUDI,3.662317475354409,43483,51989,11873.08,6.36
8861892c8bfffff,ward_113,113,Konena Agrahara,161-C.V. RAMAN NAGAR (SC),1.153896192164498,38108,45563,33025.5,19.7
886014585dfffff,ward_92,92,Shivaji Nagar,162-SHIVAJI NAGAR,0.7090916102149262,37506,44843,52893.02,25.61
8860145a87fffff,ward_183,183,Chikkalsandra,171-PADMANABA NAGAR,7.316369615987752,43364,51847,5926.98,1.06
8860145a63fffff,ward_40,40,Dodda Bidarakallu,153-YESHVANTHAPURA,0.9346397556773488,72794,87034,77884.55,28.33
8860145b39fffff,ward_28,28,Kammanahalli,160-SARVARGNA NAGAR,0.6929486171322659,47074,56283,67932.89,27.42
8860145aa9fffff,ward_155,155,Hanumanth Nagar,170-BASAVANAGUDI,4.468207916623614,36982,44216,8276.7,3.79
8861892c01fffff,ward_193,193,Arakere,175-BOMMANAHALLI,13.880135480484746,58355,69770,4204.21,0.45
8861892e53fffff,ward_182,182,Padmanabha Nagar,171-PADMANABA NAGAR,2.8028077176905937,41037,49065,14641.39,8.79
8861892581fffff,ward_55,55,Devasandra,151-K.R.PURA,1.3683526433046582,33946,40586,24807.93,15.3
8861892527fffff,ward_173,173,Jakkasandra,172-B.T.M. LAYOUT,7.643721832559032,33521,40078,4385.43,0.61
8860145aa7fffff,ward_165,165,Ganesh Mandir ward,171-PADMANABA NAGAR,4.377479094097137,25998,31084,5939.03,1.21
88601459e9fffff,ward_172,172,Madivala,172-B.T.M. LAYOUT,1.2919164217553418,42624,50962,32992.85,19.55
886014582dfffff,ward_108,108,Sriramamandir,165-RAJAJI NAGAR,1.6268848195085228,33866,40491,20816.47,12.42
8860145921fffff,ward_184,184,Uttarahalli,176-BANGALORE SOUTH,7.5669895439451444,57209,68400,7560.34,3.18
886014583bfffff,ward_152,152,Suddagunte Palya,172-B.T.M. LAYOUT,1.235097552764853,39997,47821,32383.68,19.09
88618924ebfffff,ward_171,171,Gurappanapalya,173-JAYANAGAR,3.6814540207803437,48991,58575,13307.51,7.88
88601458edfffff,ward_175,175,Bommanahalli,175-BOMMANAHALLI,5.718662418788916,43585,52111,7621.54,3.33
8860145b45fffff,ward_4,4,Yelahanka Satellite Town,150-YELAHANKA,4.200543062144555,41986,50199,9995.37,5.3
8861892cb9fffff,ward_134,134,Bapuji Nagar,167-VIJAYA NAGAR,6.711067531160504,49484,59164,7373.49,2.73
8860145917fffff,ward_172,172,Madivala,172-B.T.M. LAYOUT,1.2919164217553418,42624,50962,32992.85,19.55
8860169649fffff,ward_191,191,Singasandra,177-ANEKAL (SC),11.28212209127664,71004,84894,6293.5,1.82
8861892537fffff,ward_106,106,Dr. Raj Kumar Ward,166-GOVINDRAJA NAGAR,2.142383667073516,24181,28911,11286.96,5.91
8860169641fffff,ward_198,198,Hemmigepura,153-YESHVANTHAPURA,4.964559449844203,50440,60307,10160.02,5.45
8860145a23fffff,ward_53,53,Basavanapura,151-K.R.PURA,1.2494539549006507,48585,58089,38884.99,21.36
8860145129fffff,ward_159,159,Kengeri,153-YESHVANTHAPURA,8.369607592207206,40771,48747,4871.32,0.91
8861892589fffff,ward_87,87,HAL Airport,151-K.R.PURA,1.7448818178880314,39926,47736,22881.78,13.79
8860145aa1fffff,ward_183,183,Chikkalsandra,171-PADMANABA NAGAR,7.316369615987752,43364,51847,5926.98,1.06
88601458cdfffff,ward_183,183,Chikkalsandra,171-PADMANABA NAGAR,7.316369615987752,43364,51847,5926.98,1.06
8861892c1dfffff,ward_193,193,Arakere,175-BOMMANAHALLI,13.880135480484746,58355,69770,4204.21,0.45
8861892ebbfffff,ward_41,41,Peenya Industrial Area,155-DASARAHALLI,2.2685725626563973,57814,69123,25484.75,16.21
88618925b1fffff,ward_11,11,Kuvempu Nagar,152-BYATARAYANAPURA,1.441008941664834,37128,44391,25765.28,16.36
8861892ec9fffff,ward_146,146,Lakkasandra,172-B.T.M. LAYOUT,3.405320760999294,30667,36666,9005.61,4.55
8860145a47fffff,ward_62,62,Ramaswamy Palya,162-SHIVAJI NAGAR,0.9195187303413513,34394,41122,37404.35,21.06
8861892563fffff,ward_190,190,Mangammanapalya,175-BOMMANAHALLI,10.514557139987174,65890,78779,6266.55,1.67
88601696cdfffff,ward_184,184,Uttarahalli,176-BANGALORE SOUTH,7.5669895439451444,57209,68400,7560.34,3.18
8861892535fffff,ward_130,130,Ullalu,153-YESHVANTHAPURA,1.9558108536652097,58199,69584,29756.97,18.18
8860145aa3fffff,ward_183,183,Chikkalsandra,171-PADMANABA NAGAR,7.316369615987752,43364,51847,5926.98,1.06
8860169643fffff,ward_180,180,Banashankari Temple ward,171-PADMANABA NAGAR,9.578617598909121,42171,50420,4402.62,0.76
88618924a9fffff,ward_149,149,Varthuru,174-MAHADEVAPURA (SC),1.3539089764638217,54625,65311,40346.14,22.12
886016960dfffff,ward_198,198,Hemmigepura,153-YESHVANTHAPURA,4.964559449844203,50440,60307,10160.02,5.45
8860145913fffff,ward_145,145,Hombegowda Nagara,169-CHICKPET,2.088272933449151,38309,45803,18344.82,11.21
8860169651fffff,ward_180,180,Banashankari Temple ward,171-PADMANABA NAGAR,9.578617598909121,42171,50420,4402.62,0.76
8860145b51fffff,ward_5,5,Jakkuru,152-BYATARAYANAPURA,0.7918152149816113,52025,62202,65703.46,27.27
88618920b3fffff,ward_190,190,Mangammanapalya,175-BOMMANAHALLI,10.514557139987174,65890,78779,6266.55,1.67
8860145b4bfffff,ward_4,4,Yelahanka Satellite Town,150-YELAHANKA,4.200543062144555,41986,50199,9995.37,5.3
8860145a19fffff,ward_136,136,Jagajivanaramnagar,168-CHAMARAJPET,10.274601447165209,38639,46197,3760.63,0.3
8860145b65fffff,ward_33,33,Manorayanapalya,158-HEBBAL,0.8783769368438865,47926,57301,54562.0,26.21
8861892c03fffff,ward_193,193,Arakere,175-BOMMANAHALLI,13.880135480484746,58355,69770,4204.21,0.45
8861892c81fffff,ward_134,134,Bapuji Nagar,167-VIJAYA NAGAR,6.711067531160504,49484,59164,7373.49,2.73
88618925ebfffff,ward_77,77,Dattatreya Temple,164-GANDHI NAGAR,2.783377728451465,33388,39919,11995.5,6.67
8861892cd3fffff,ward_56,56,A Narayanapura,151-K.R.PURA,1.0248921929102561,43443,51941,42387.87,23.03
8860145b53fffff,ward_12,12,Shettihalli,155-DASARAHALLI,0.857503764486139,61071,73018,71219.51,27.88
8861892cebfffff,ward_162,162,Girinagar,170-BASAVANAGUDI,6.238974779573723,43195,51645,6923.41,2.42
88618925c5fffff,ward_120,120,Cottonpete,164-GANDHI NAGAR,3.119557146487304,37344,44649,11970.93,6.52
8861892c57fffff,ward_160,160,Rajarajeshwari Nagar,154-RAJARAJESHWARI NAGAR,4.361951563541519,56897,68027,13043.93,7.73
88618925a5fffff,ward_21,21,Hebbala,158-HEBBAL,5.0453193703937185,32516,38877,6444.79,1.97
88618924a7fffff,ward_96,96,Okalipuram,164-GANDHI NAGAR,1.2065282447814227,38110,45565,31586.5,18.79
8860145ac5fffff,ward_136,136,Jagajivanaramnagar,168-CHAMARAJPET,10.274601447165209,38639,46197,3760.63,0.3
8861892557fffff,ward_129,129,Jnana Bharathi ward,154-RAJARAJESHWARI NAGAR,10.475227420963284,68132,81460,6504.11,2.12
886189250bfffff,ward_190,190,Mangammanapalya,175-BOMMANAHALLI,10.514557139987174,65890,78779,6266.55,1.67
88618925a1fffff,ward_21,21,Hebbala,158-HEBBAL,5.0453193703937185,32516,38877,6444.79,1.97
8861892eadfffff,ward_153,153,Jayanagar,169-CHICKPET,2.57083415371153,38151,45614,14839.93,9.24
8860145ae1fffff,ward_136,136,Jagajivanaramnagar,168-CHAMARAJPET,10.274601447165209,38639,46197,3760.63,0.3
886014596dfffff,ward_142,142,Sunkenahalli,169-CHICKPET,2.480079699463584,34666,41447,13977.78,8.33
88618925e9fffff,ward_104,104,Govindaraja Nagar,166-GOVINDRAJA NAGAR,1.122522141833327,26873,32130,23939.84,14.85
8860145949fffff,ward_39,39,Chokkasandra,155-DASARAHALLI,7.903777186032147,59289,70887,7501.35,2.88
8861892e9dfffff,ward_44,44,Marappana Palya,156-MAHALAXMI LAYOUT,1.913854661849198,40212,48078,21011.0,12.88
8861892433fffff,ward_156,156,Srinagar,170-BASAVANAGUDI,3.5794646290232306,41379,49473,11560.11,6.21
8861892591fffff,ward_64,64,Rajamahal Guttahalli,157-MALLESWARAM,2.016925518686439,31118,37205,15428.43,9.55
886189259bfffff,ward_64,64,Rajamahal Guttahalli,157-MALLESWARAM,2.016925518686439,31118,37205,15428.43,9.55
8860145acdfffff,ward_159,159,Kengeri,153-YESHVANTHAPURA,8.369607592207206,40771,48747,4871.32,0.91
88618925e3fffff,ward_77,77,Dattatreya Temple,164-GANDHI NAGAR,2.783377728451465,33388,39919,11995.5,6.67
8860145b23fffff,ward_39,39,Chokkasandra,155-DASARAHALLI,7.903777186032147,59289,70887,7501.35,2.88
88618924e9fffff,ward_156,156,Srinagar,170-BASAVANAGUDI,3.5794646290232306,41379,49473,11560.11,6.21
8860169659fffff,ward_180,180,Banashankari Temple ward,171-PADMANABA NAGAR,9.578617598909121,42171,50420,4402.62,0.76
8861892d9bfffff,ward_191,191,Singasandra,177-ANEKAL (SC),11.28212209127664,71004,84894,6293.5,1.82
8861892511fffff,ward_129,129,Jnana Bharathi ward,154-RAJARAJESHWARI NAGAR,10.475227420963284,68132,81460,6504.11,2.12
886189252dfffff,ward_173,173,Jakkasandra,172-B.T.M. LAYOUT,7.643721832559032,33521,40078,4385.43,0.61
886014598bfffff,ward_194,194,Gottigere,176-BANGALORE SOUTH,8.494245677977535,51911,62066,6111.31,1.52
8860145b2bfffff,ward_39,39,Chokkasandra,155-DASARAHALLI,7.903777186032147,59289,70887,7501.35,2.88
8861892ecbfffff,ward_101,101,Kamakshipalya,165-RAJAJI NAGAR,2.1691399060141237,30051,35930,13853.88,8.18
88618925adfffff,ward_46,46,Jayachamarajendra  Nagar,158-HEBBAL,1.34598948491613,31449,37601,23364.97,14.39
8861892ea5fffff,ward_131,131,Nayandahalli,166-GOVINDRAJA NAGAR,1.6133165255080228,42785,51155,26519.9,16.52
8861892595fffff,ward_32,32,Kaval Bairasandra,159-PULAKESHI NAGAR (SC),3.1250530231149627,39334,47028,12586.67,7.27
8861892ea9fffff,ward_131,131,Nayandahalli,166-GOVINDRAJA NAGAR,1.6133165255080228,42785,51155,26519.9,16.52
88618924a5fffff,ward_93,93,Vasanth Nagar,162-SHIVAJI NAGAR,3.1228487916861454,22815,27278,7305.83,2.58
8861892c89fffff,ward_113,113,Konena Agrahara,161-C.V. RAMAN NAGAR (SC),1.153896192164498,38108,45563,33025.5,19.7
88601459c9fffff,ward_158,158,Deepanjali Nagar,167-VIJAYA NAGAR,4.779090200105511,45928,54912,9610.2,5.0
8860145813fffff,ward_165,165,Ganesh Mandir ward,171-PADMANABA NAGAR,4.377479094097137,25998,31084,5939.03,1.21
8860145915fffff,ward_150,150,Bellanduru,174-MAHADEVAPURA (SC),5.473991502827782,80180,95865,14647.45,8.94
88601459d9fffff,ward_194,194,Gottigere,176-BANGALORE SOUTH,8.494245677977535,51911,62066,6111.31,1.52
8861892c33fffff,ward_191,191,Singasandra,177-ANEKAL (SC),11.28212209127664,71004,84894,6293.5,1.82
8861892ed5fffff,ward_101,101,Kamakshipalya,165-RAJAJI NAGAR,2.1691399060141237,30051,35930,13853.88,8.18
8860145a2dfffff,ward_20,20,Ganga Nagar,158-HEBBAL,0.32810317108769294,27361,32713,83391.45,28.94
88618924abfffff,ward_147,147,Adugodi,172-B.T.M. LAYOUT,1.2266797084365395,34299,41009,27960.84,17.12
8861892e8dfffff,ward_80,80,Hoysala Nagar,161-C.V. RAMAN NAGAR (SC),4.2444040114086174,35228,42119,8299.87,3.94
88601696c3fffff,ward_196,196,Anjanapura,176-BANGALORE SOUTH,6.058223240894549,45608,54530,7528.28,3.03
8860145a61fffff,ward_25,25,Horamavu,151-K.R.PURA,2.4261848865644544,95368,114024,39307.8,21.67
8860145815fffff,ward_165,165,Ganesh Mandir ward,171-PADMANABA NAGAR,4.377479094097137,25998,31084,5939.03,1.21
8860169657fffff,ward_180,180,Banashankari Temple ward,171-PADMANABA NAGAR,9.578617598909121,42171,50420,4402.62,0.76
8861892597fffff,ward_32,32,Kaval Bairasandra,159-PULAKESHI NAGAR (SC),3.1250530231149627,39334,47028,12586.67,7.27
8861892c59fffff,ward_160,160,Rajarajeshwari Nagar,154-RAJARAJESHWARI NAGAR,4.361951563541519,56897,68027,13043.93,7.73
8860145b41fffff,ward_4,4,Yelahanka Satellite Town,150-YELAHANKA,4.200543062144555,41986,50199,9995.37,5.3
8860145b67fffff,ward_39,39,Chokkasandra,155-DASARAHALLI,7.903777186032147,59289,70887,7501.35,2.88
8861892ce3fffff,ward_161,161,Hosakerehalli,171-PADMANABA NAGAR,3.7826072874105576,46805,55961,12373.74,6.97
8861892565fffff,ward_173,173,Jakkasandra,172-B.T.M. LAYOUT,7.643721832559032,33521,40078,4385.43,0.61
8861892cbdfffff,ward_161,161,Hosakerehalli,171-PADMANABA NAGAR,3.7826072874105576,46805,55961,12373.74,6.97
8861892e13fffff,ward_148,148,Ejipura,172-B.T.M. LAYOUT,3.029500253856791,47004,56199,15515.43,9.7
8860145b29fffff,ward_39,39,Chokkasandra,155-DASARAHALLI,7.903777186032147,59289,70887,7501.35,2.88
8860145b47fffff,ward_7,7,Byatarayanapura,152-BYATARAYANAPURA,4.617433818510921,72154,86269,15626.43,9.85
8861892c53fffff,ward_160,160,Rajarajeshwari Nagar,154-RAJARAJESHWARI NAGAR,4.361951563541519,56897,68027,13043.93,7.73
8861892ed7fffff,ward_44,44,Marappana Palya,156-MAHALAXMI LAYOUT,1.913854661849198,40212,48078,21011.0,12.88
8860145807fffff,ward_132,132,Attiguppe,167-VIJAYA NAGAR,1.7480813081333266,41487,49603,23732.88,14.7
8860145963fffff,ward_151,151,Koramangala,172-B.T.M. LAYOUT,4.434349980467449,38316,45811,8640.73,4.09
8861892cb7fffff,ward_180,180,Banashankari Temple ward,171-PADMANABA NAGAR,9.578617598909121,42171,50420,4402.62,0.76
8860145161fffff,ward_169,169,Byrasandra,173-JAYANAGAR,9.718476291499606,32066,38339,3299.49,0.15
8860169655fffff,ward_180,180,Banashankari Temple ward,171-PADMANABA NAGAR,9.578617598909121,42171,50420,4402.62,0.76
8861892c09fffff,ward_193,193,Arakere,175-BOMMANAHALLI,13.880135480484746,58355,69770,4204.21,0.45
8860145ad9fffff,ward_189,189,Hongasandra,175-BOMMANAHALLI,5.51628692879465,68554,81964,12427.56,7.12
886016964dfffff,ward_191,191,Singasandra,177-ANEKAL (SC),11.28212209127664,71004,84894,6293.5,1.82
8860145863fffff,ward_105,105,Agrahara Dasarahalli,166-GOVINDRAJA NAGAR,1.176324167996651,28355,33902,24104.75,15.0
8861892497fffff,ward_163,163,Katriguppe,170-BASAVANAGUDI,3.5475319999232604,45572,54487,12846.11,7.42
88618924e5fffff,ward_122,122,Kempapura Agrahara,167-VIJAYA NAGAR,1.8598463132705414,40032,47863,21524.36,13.03
886014594dfffff,ward_39,39,Chokkasandra,155-DASARAHALLI,7.903777186032147,59289,70887,7501.35,2.88
8860145947fffff,ward_100,100,Basaveshwara Nagar,165-RAJAJI NAGAR,0.9282530623714021,30333,36267,32677.51,19.24
8861892c17fffff,ward_160,160,Rajarajeshwari Nagar,154-RAJARAJESHWARI NAGAR,4.361951563541519,56897,68027,13043.93,7.73
8861892e85fffff,ward_89,89,Jogupalya,163-SHANTI NAGAR,2.311956377215608,33793,40404,14616.63,8.64
8861892e39fffff,ward_197,197,Vasanthpura,176-BANGALORE SOUTH,3.84845446459072,62057,74196,16125.17,10.0
8861892c83fffff,ward_134,134,Bapuji Nagar,167-VIJAYA NAGAR,6.711067531160504,49484,59164,7373.49,2.73
8860145a35fffff,ward_53,53,Basavanapura,151-K.R.PURA,1.2494539549006507,48585,58089,38884.99,21.36
8860145a09fffff,ward_85,85,Dodda Nekkundi,174-MAHADEVAPURA (SC),1.9019837375911544,63083,75423,33166.95,20.0
8860145849fffff,ward_63,63,Jayamahal,162-SHIVAJI NAGAR,1.0559629261026422,21728,25978,20576.48,12.27
8860145a4dfffff,ward_96,96,Okalipuram,164-GANDHI NAGAR,1.2065282447814227,38110,45565,31586.5,18.79
88601459e3fffff,ward_195,195,Konankunte,176-BANGALORE SOUTH,1.8687757429360972,57335,68551,30680.51,18.48
8860145167fffff,ward_169,169,Byrasandra,173-JAYANAGAR,9.718476291499606,32066,38339,3299.49,0.15
8861892cd5fffff,ward_97,97,Dayananda Nagar,165-RAJAJI NAGAR,0.7651687069813896,35721,42709,46683.82,24.09
886189249dfffff,ward_178,178,Sarakki,173-JAYANAGAR,3.396402318423853,31034,37105,9137.32,4.85
8860145851fffff,ward_136,136,Jagajivanaramnagar,168-CHAMARAJPET,10.274601447165209,38639,46197,3760.63,0.3
8860145a6bfffff,ward_48,48,Muneshwara Nagar,159-PULAKESHI NAGAR (SC),1.7137162483188138,35814,42820,20898.44,12.58
88618925e1fffff,ward_104,104,Govindaraja Nagar,166-GOVINDRAJA NAGAR,1.122522141833327,26873,32130,23939.84,14.85
8860145867fffff,ward_94,94,Gandhinagar,164-GANDHI NAGAR,1.0307013300955201,31208,37313,30278.41,18.33
8860145909fffff,ward_114,114,Agaram,163-SHANTI NAGAR,1.6277361579941496,36916,44137,22679.35,13.48
8861892eb5fffff,ward_82,82,Garudachar Playa,174-MAHADEVAPURA (SC),0.6114567960363524,49631,59340,81168.45,28.79
8861892509fffff,ward_190,190,Mangammanapalya,175-BOMMANAHALLI,10.514557139987174,65890,78779,6266.55,1.67
88618924bbfffff,ward_163,163,Katriguppe,170-BASAVANAGUDI,3.5475319999232604,45572,54487,12846.11,7.42
8861892c19fffff,ward_160,160,Rajarajeshwari Nagar,154-RAJARAJESHWARI NAGAR,4.361951563541519,56897,68027,13043.93,7.73
8860145a41fffff,ward_91,91,Bharathi Nagar,162-SHIVAJI NAGAR,1.7898295905792851,32689,39084,18263.75,10.91
886189251bfffff,ward_120,120,Cottonpete,164-GANDHI NAGAR,3.119557146487304,37344,44649,11970.93,6.52
8860145b15fffff,ward_13,13,Mallasandra,155-DASARAHALLI,0.5789655822239876,41482,49597,71648.47,28.03
8860145acbfffff,ward_189,189,Hongasandra,175-BOMMANAHALLI,5.51628692879465,68554,81964,12427.56,7.12
8861892503fffff,ward_129,129,Jnana Bharathi ward,154-RAJARAJESHWARI NAGAR,10.475227420963284,68132,81460,6504.11,2.12
8861892edbfffff,ward_129,129,Jnana Bharathi ward,154-RAJARAJESHWARI NAGAR,10.475227420963284,68132,81460,6504.11,2.12
8860145b01fffff,ward_1,1,Kempegowda Ward,150-YELAHANKA,2.0638005875681786,34783,41587,16853.86,10.45
88618925c1fffff,ward_138,138,Chalavadipalya,168-CHAMARAJPET,2.174514866569584,24801,29653,11405.3,6.06
8861892cd1fffff,ward_45,45,Malleswaram,157-MALLESWARAM,1.5109640304205672,34196,40885,22631.91,13.33
8861892419fffff,ward_192,192,Begur,176-BANGALORE SOUTH,5.957356922108901,80037,95694,13434.98,8.03
8860145929fffff,ward_151,151,Koramangala,172-B.T.M. LAYOUT,4.434349980467449,38316,45811,8640.73,4.09
886014510dfffff,ward_169,169,Byrasandra,173-JAYANAGAR,9.718476291499606,32066,38339,3299.49,0.15
8861892ca5fffff,ward_191,191,Singasandra,177-ANEKAL (SC),11.28212209127664,71004,84894,6293.5,1.82
8860145b31fffff,ward_31,31,Kushal Nagar,159-PULAKESHI NAGAR (SC),2.7998499250516478,41936,50139,14977.95,9.39
8861892523fffff,ward_130,130,Ullalu,153-YESHVANTHAPURA,1.9558108536652097,58199,69584,29756.97,18.18
8860145907fffff,ward_150,150,Bellanduru,174-MAHADEVAPURA (SC),5.473991502827782,80180,95865,14647.45,8.94
8861892eedfffff,ward_144,144,Siddapura,169-CHICKPET,3.9798351015130167,34879,41702,8763.93,4.24
8861892ebdfffff,ward_86,86,Marathahalli,174-MAHADEVAPURA (SC),1.2005971907331878,39768,47547,33123.52,19.85
8861892533fffff,ward_106,106,Dr. Raj Kumar Ward,166-GOVINDRAJA NAGAR,2.142383667073516,24181,28911,11286.96,5.91
8860145a85fffff,ward_155,155,Hanumanth Nagar,170-BASAVANAGUDI,4.468207916623614,36982,44216,8276.7,3.79
88618924e7fffff,ward_154,154,Basavanagudi,170-BASAVANAGUDI,1.8152146976192023,32640,39025,17981.34,10.76
8861892eabfffff,ward_110,110,Sampangiram Nagar,162-SHIVAJI NAGAR,0.7767184916296844,27504,32884,35410.51,20.45
8860145b07fffff,ward_31,31,Kushal Nagar,159-PULAKESHI NAGAR (SC),2.7998499250516478,41936,50139,14977.95,9.39
88618925dbfffff,ward_122,122,Kempapura Agrahara,167-VIJAYA NAGAR,1.8598463132705414,40032,47863,21524.36,13.03
8861892551fffff,ward_186,186,Jaraganahalli,175-BOMMANAHALLI,3.929076933128007,38294,45785,9746.31,5.15
8860145a81fffff,ward_177,177,J P Nagar,173-JAYANAGAR,3.758952347861124,28846,34489,7673.95,3.48
886014592dfffff,ward_181,181,Kumaraswamy Layout,171-PADMANABA NAGAR,2.42947077848059,47182,56412,19420.69,11.52
8860145aabfffff,ward_155,155,Hanumanth Nagar,170-BASAVANAGUDI,4.468207916623614,36982,44216,8276.7,3.79
88618925e5fffff,ward_129,129,Jnana Bharathi ward,154-RAJARAJESHWARI NAGAR,10.475227420963284,68132,81460,6504.11,2.12
8861892ca3fffff,ward_161,161,Hosakerehalli,171-PADMANABA NAGAR,3.7826072874105576,46805,55961,12373.74,6.97
886014598dfffff,ward_194,194,Gottigere,176-BANGALORE SOUTH,8.494245677977535,51911,62066,6111.31,1.52
8860145829fffff,ward_116,116,Nilasandra,163-SHANTI NAGAR,1.0027525822046814,48534,58028,48400.77,24.39
88618925e7fffff,ward_46,46,Jayachamarajendra  Nagar,158-HEBBAL,1.34598948491613,31449,37601,23364.97,14.39
8860169601fffff,ward_198,198,Hemmigepura,153-YESHVANTHAPURA,4.964559449844203,50440,60307,10160.02,5.45
8860145827fffff,ward_158,158,Deepanjali Nagar,167-VIJAYA NAGAR,4.779090200105511,45928,54912,9610.2,5.0
