park_id,park_name,area_sqkm,lat,lon,amenities_available,h3_index,index_right,ward_id
kmlpark_1,,0.06324,13.110557,77.580365,,8860169629fffff,,ward_198
kmlpark_2,,0.04711,13.099303,77.574431,,8860169601fffff,,ward_198
kmlpark_3,,0.04525,13.099846,77.575161,,8860169601fffff,,ward_198
kmlpark_4,,0.06374,13.10018,77.576137,,8860169601fffff,,ward_198
kmlpark_5,,0.06816,13.099616,77.572693,,8860169601fffff,,ward_198
kmlpark_6,,0.08132,13.099512,77.571792,,8860169601fffff,,ward_198
kmlpark_7,,0.00154,13.100473,77.572092,,8860169601fffff,,ward_198
kmlpark_8,,0.06098,13.098623,77.572039,,8860169601fffff,,ward_198
kmlpark_9,,0.05761,13.103244,77.572402,,8860169607fffff,,ward_198
kmlpark_10,,0.09751,13.103175,77.57459,,8860169607fffff,,ward_198
kmlpark_11,,0.0254,13.102118,77.573854,,8860169601fffff,,ward_198
kmlpark_12,,0.05847,13.104862,77.575418,,8860169607fffff,,ward_198
kmlpark_13,,0.0163,13.101273,77.57265,,8860169601fffff,,ward_198
kmlpark_14,,0.05086,13.102049,77.576165,,8860169601fffff,,ward_198
kmlpark_15,,0.08852,13.105746,77.57104,,8860169607fffff,,ward_198
kmlpark_16,,0.08754,13.109046,77.579178,,8860169605fffff,,ward_198
kmlpark_17,,0.06536,13.108679,77.580148,,8860169605fffff,,ward_198
kmlpark_18,,0.08356,13.102163,77.585446,,886016960dfffff,,ward_198
kmlpark_19,,0.01968,13.102907,77.576343,,8860169605fffff,,ward_198
kmlpark_20,,0.02539,13.095326,77.571271,,886016960bfffff,197.0,ward_198
kmlpark_21,,0.02725,13.106905,77.572304,,8860169607fffff,,ward_198
kmlpark_22,,0.04995,13.103529,77.571021,,8860169607fffff,,ward_198
kmlpark_23,,0.06664,13.105805,77.57558,,8860169607fffff,,ward_198
kmlpark_24,,0.07723,13.106896,77.573146,,8860169607fffff,,ward_198
kmlpark_25,,0.01686,13.105807,77.576335,,8860169605fffff,,ward_198
kmlpark_26,,0.0607,13.106244,77.577526,,8860169605fffff,,ward_198
kmlpark_27,,0.00219,13.106783,77.574121,,8860169607fffff,,ward_198
kmlpark_28,,0.03424,13.106465,77.574198,,8860169607fffff,,ward_198
kmlpark_29,,0.08287,13.105107,77.574858,,8860169607fffff,,ward_198
kmlpark_30,,0.01697,13.102848,77.571879,,8860169607fffff,,ward_198
kmlpark_31,,0.06164,13.106598,77.575947,,8860169605fffff,,ward_198
kmlpark_32,,0.07334,13.093722,77.582285,,8860169609fffff,197.0,ward_198
kmlpark_33,,0.04973,13.083063,77.587478,,8860169643fffff,197.0,ward_198
kmlpark_34,,0.0771,13.096081,77.578142,,8860169601fffff,197.0,ward_198
kmlpark_35,,0.06009,13.097427,77.586505,,886016960dfffff,197.0,ward_198
kmlpark_36,,0.06297,13.095818,77.581634,,886016960dfffff,197.0,ward_198
kmlpark_37,,0.05257,13.095515,77.586215,,886016960dfffff,197.0,ward_198
kmlpark_38,,0.07509,13.094428,77.587782,,8860169647fffff,197.0,ward_198
kmlpark_39,,0.05432,13.095797,77.581688,,886016960dfffff,197.0,ward_198
kmlpark_40,,0.06818,13.096737,77.579928,,886016960dfffff,197.0,ward_198
kmlpark_41,,0.09497,13.097605,77.581023,,886016960dfffff,197.0,ward_198
kmlpark_42,,0.10931,13.09825,77.579699,,8860169601fffff,197.0,ward_198
kmlpark_43,,0.0567,13.095703,77.581462,,886016960dfffff,197.0,ward_198
kmlpark_44,,0.01149,13.098315,77.576892,,8860169601fffff,197.0,ward_198
kmlpark_45,,0.11043,13.096229,77.576968,,8860169601fffff,197.0,ward_198
kmlpark_46,,0.05922,13.0959,77.57724,,8860169601fffff,197.0,ward_198
kmlpark_47,,0.05578,13.097407,77.586323,,886016960dfffff,197.0,ward_198
kmlpark_48,,0.02196,13.09893,77.582574,,886016960dfffff,197.0,ward_198
kmlpark_49,,0.04264,13.095845,77.579221,,8860169601fffff,197.0,ward_198
kmlpark_50,,0.04482,13.094905,77.577562,,8860169601fffff,197.0,ward_198
kmlpark_51,,0.0594,13.082259,77.586865,,8860169643fffff,197.0,ward_198
kmlpark_52,,0.03623,13.083141,77.587499,,8860169643fffff,197.0,ward_198
kmlpark_53,,0.03052,13.079095,77.590355,,886016964bfffff,197.0,ward_198
kmlpark_54,,0.07632,13.073092,77.599477,,8860169649fffff,190.0,ward_191
kmlpark_55,,0.05968,13.069294,77.610412,,8861892ca1fffff,190.0,ward_191
kmlpark_56,,0.07696,13.054658,77.602396,,8861892c87fffff,160.0,ward_161
kmlpark_57,,0.09204,13.069735,77.628073,,8861892ddbfffff,190.0,ward_191
kmlpark_58,,0.04647,13.079006,77.593457,,8860169649fffff,190.0,ward_191
kmlpark_59,,0.05153,13.059301,77.590664,,8861892cb1fffff,133.0,ward_134
kmlpark_60,,0.02225,13.049733,77.605014,,8861892c81fffff,133.0,ward_134
kmlpark_61,,0.05039,13.058005,77.591249,,8861892cb9fffff,133.0,ward_134
kmlpark_62,,0.07413,13.057632,77.598194,,8861892cbdfffff,133.0,ward_134
kmlpark_63,,0.05463,13.059691,77.590044,,8861892cb1fffff,133.0,ward_134
kmlpark_64,,0.00686,13.063383,77.585424,,8861892cb1fffff,133.0,ward_134
kmlpark_65,,0.06889,13.051439,77.590248,,8861892cb9fffff,133.0,ward_134
kmlpark_66,,0.05542,13.062497,77.586243,,8861892cb1fffff,133.0,ward_134
kmlpark_67,,0.04454,13.062889,77.581928,,8861892cb3fffff,179.0,ward_180
kmlpark_68,,0.0615,13.054751,77.574316,,886014596dfffff,141.0,ward_142
kmlpark_69,,0.0162,13.080096,77.556566,,8860169619fffff,180.0,ward_181
kmlpark_70,,0.03947,13.078423,77.555505,,8860145925fffff,180.0,ward_181
kmlpark_71,,0.00041,13.083787,77.5619,,8860169619fffff,180.0,ward_181
kmlpark_72,,0.0346,13.083128,77.56311,,8860169657fffff,180.0,ward_181
kmlpark_73,,0.02288,13.082466,77.56235,,8860169619fffff,180.0,ward_181
kmlpark_74,,0.01183,13.071171,77.556747,,886014592dfffff,180.0,ward_181
kmlpark_75,,0.0718,13.076046,77.554539,,8860145925fffff,180.0,ward_181
kmlpark_76,,0.00208,13.073302,77.55668,,8860145925fffff,180.0,ward_181
kmlpark_77,,0.02368,13.084761,77.563702,,8860169657fffff,180.0,ward_181
kmlpark_78,,0.03747,13.071076,77.556855,,886014592dfffff,180.0,ward_181
kmlpark_79,,0.07483,13.083713,77.557349,,8860169619fffff,183.0,ward_184
kmlpark_80,,0.07223,13.070448,77.527119,,8860145937fffff,195.0,ward_196
kmlpark_81,,0.04611,13.071366,77.529119,,88601696cbfffff,195.0,ward_196
kmlpark_82,,0.06752,13.070317,77.527252,,8860145937fffff,195.0,ward_196
kmlpark_83,,0.0666,13.067068,77.503779,,88601696dbfffff,,ward_195
kmlpark_84,,0.03217,13.070793,77.5091,,88601696dbfffff,,ward_196
kmlpark_85,,0.05775,13.077692,77.525564,,88601696cbfffff,195.0,ward_196
kmlpark_86,,0.07871,13.060254,77.516118,,8860145933fffff,175.0,ward_176
kmlpark_87,,0.05573,13.05035,77.516813,,88601459edfffff,175.0,ward_176
kmlpark_88,,0.05803,13.053733,77.486944,,8860145985fffff,,ward_195
kmlpark_89,,0.03148,13.051338,77.484371,,8860145987fffff,,ward_195
kmlpark_90,,0.0576,13.055884,77.484237,,8860145987fffff,,ward_195
kmlpark_91,,0.0661,13.06246,77.501372,,88601459e7fffff,,ward_195
kmlpark_92,,0.03848,13.062633,77.501427,,88601459e7fffff,,ward_195
kmlpark_93,,0.08197,13.062553,77.500972,,88601459e7fffff,,ward_195
kmlpark_94,,0.05051,13.057932,77.501621,,88601459e7fffff,194.0,ward_195
kmlpark_95,,0.01868,13.047733,77.503937,,88601459ebfffff,171.0,ward_172
kmlpark_96,,0.06507,13.048854,77.504246,,88601459ebfffff,194.0,ward_195
kmlpark_97,,0.04445,13.055178,77.491291,,8860145985fffff,,ward_195
kmlpark_98,,0.04865,13.046774,77.55354,,886014590dfffff,149.0,ward_150
kmlpark_99,,0.0186,13.049304,77.548264,,8860145905fffff,149.0,ward_150
kmlpark_100,,0.08244,13.034909,77.551328,,8860145909fffff,98.0,ward_99
kmlpark_101,,0.0768,13.033097,77.54939,,8860145943fffff,98.0,ward_99
kmlpark_102,,0.07663,13.038227,77.554122,,8860145947fffff,113.0,ward_114
kmlpark_103,,0.05722,13.04104,77.558328,,8860145947fffff,113.0,ward_114
kmlpark_104,,0.06271,13.04045,77.568308,,8860145945fffff,101.0,ward_102
kmlpark_105,,0.08566,13.034994,77.572828,,8861892c93fffff,101.0,ward_102
kmlpark_106,,0.05685,13.034439,77.569718,,886014594dfffff,101.0,ward_102
kmlpark_107,,0.09148,13.043501,77.568341,,8860145969fffff,101.0,ward_102
kmlpark_108,,0.06799,13.0308,77.5733,,886014594dfffff,101.0,ward_102
kmlpark_109,,0.05623,13.031914,77.577286,,8861892c9bfffff,97.0,ward_98
kmlpark_110,,0.04063,13.028165,77.573781,,886014594dfffff,101.0,ward_102
kmlpark_111,,0.06496,13.032503,77.563442,,8860145941fffff,99.0,ward_100
kmlpark_112,,0.04612,13.028137,77.574426,,8860145b27fffff,101.0,ward_102
kmlpark_113,,0.03339,13.035,77.572843,,8861892c93fffff,101.0,ward_102
kmlpark_114,,0.0275,13.034379,77.578804,,8861892c9bfffff,97.0,ward_98
kmlpark_115,,0.0824,13.031862,77.577332,,8861892c9bfffff,97.0,ward_98
kmlpark_116,,0.00917,13.033855,77.576081,,8861892c9bfffff,97.0,ward_98
kmlpark_117,,0.07525,13.031201,77.580742,,8861892c9bfffff,97.0,ward_98
kmlpark_118,,0.0241,13.041545,77.581445,,8861892c91fffff,97.0,ward_98
kmlpark_119,,0.07413,13.039761,77.577564,,8861892c93fffff,97.0,ward_98
kmlpark_120,,0.03676,13.024964,77.583109,,8860145b25fffff,97.0,ward_98
kmlpark_121,,0.0699,13.033584,77.585343,,8861892c99fffff,97.0,ward_98
kmlpark_122,,0.09769,13.029263,77.588846,,8861892c99fffff,89.0,ward_90
kmlpark_123,,0.05,13.024124,77.586553,,8860145b25fffff,55.0,ward_56
kmlpark_124,,0.06898,13.028587,77.595534,,8861892cd7fffff,89.0,ward_90
kmlpark_125,,0.07578,13.025211,77.626179,,8861892cc9fffff,106.0,ward_107
kmlpark_126,,0.04601,13.025886,77.627761,,8861892cc9fffff,142.0,ward_143
kmlpark_127,,0.0426,13.02727,77.627364,,8861892ccdfffff,142.0,ward_143
kmlpark_128,,0.01637,13.0292,77.633102,,8861892ccdfffff,142.0,ward_143
kmlpark_129,,0.06217,13.066078,77.648062,,8861892c35fffff,192.0,ward_193
kmlpark_130,,0.03579,13.033694,77.67414,,8861892c43fffff,,ward_193
kmlpark_131,,0.04876,13.019552,77.651276,,8861892c53fffff,152.0,ward_153
kmlpark_132,,0.06501,13.020779,77.649912,,8861892c53fffff,152.0,ward_153
kmlpark_133,,0.07169,13.013258,77.645089,,8861892eadfffff,152.0,ward_153
kmlpark_134,,0.07589,13.0192,77.639603,,8861892ea1fffff,130.0,ward_131
kmlpark_135,,0.05078,13.026204,77.635496,,8861892ea7fffff,120.0,ward_121
kmlpark_136,,0.07926,13.024672,77.632042,,8861892ea7fffff,120.0,ward_121
kmlpark_137,,0.02403,13.018092,77.638221,,8861892ea1fffff,130.0,ward_131
kmlpark_138,,0.04769,13.016999,77.632983,,8861892ea3fffff,120.0,ward_121
kmlpark_139,,0.05911,13.025313,77.639231,,8861892ea5fffff,120.0,ward_121
kmlpark_140,,0.02171,13.010319,77.618748,,8861892eb1fffff,81.0,ward_82
kmlpark_141,,0.01471,13.012214,77.618984,,8861892eb5fffff,81.0,ward_82
kmlpark_142,,0.03247,13.02633,77.601907,,8861892cd1fffff,87.0,ward_88
kmlpark_143,,0.03643,13.030257,77.61048,,8861892cc3fffff,87.0,ward_88
kmlpark_144,,0.04569,13.031812,77.61249,,8861892cc3fffff,87.0,ward_88
kmlpark_145,,0.00819,13.036865,77.610464,,8861892c89fffff,87.0,ward_88
kmlpark_146,,0.09933,13.006979,77.578359,,8860145b29fffff,38.0,ward_39
kmlpark_147,,0.05747,13.008999,77.578278,,8860145b29fffff,38.0,ward_39
kmlpark_148,,0.03958,13.010133,77.575296,,8860145b2bfffff,38.0,ward_39
kmlpark_149,,0.05361,13.012444,77.575461,,8860145b2bfffff,38.0,ward_39
kmlpark_150,,0.03815,13.009668,77.582675,,8860145b29fffff,38.0,ward_39
kmlpark_151,,0.02762,13.020786,77.577803,,8860145b27fffff,38.0,ward_39
kmlpark_152,,0.06558,13.032094,77.568452,,886014594dfffff,38.0,ward_39
kmlpark_153,,0.06834,13.029552,77.570254,,886014594dfffff,38.0,ward_39
kmlpark_154,,0.05236,13.012378,77.582911,,8860145b29fffff,38.0,ward_39
kmlpark_155,,0.05947,13.023581,77.569525,,8860145949fffff,38.0,ward_39
kmlpark_156,,0.07541,13.029135,77.570174,,886014594dfffff,38.0,ward_39
kmlpark_157,,0.06169,13.032278,77.563248,,8860145941fffff,99.0,ward_100
kmlpark_158,,0.05569,13.023695,77.554624,,886014594bfffff,126.0,ward_127
kmlpark_159,,0.0407,13.030174,77.554666,,8860145943fffff,98.0,ward_99
kmlpark_160,,0.05359,13.02323,77.554684,,886014594bfffff,126.0,ward_127
kmlpark_161,,0.05607,13.028282,77.550909,,8860145943fffff,98.0,ward_99
kmlpark_162,,0.05683,13.030623,77.52461,,8860145919fffff,126.0,ward_127
kmlpark_163,,0.0619,13.027182,77.520525,,886014591bfffff,126.0,ward_127
kmlpark_164,,0.02983,13.03767,77.518498,,8860145913fffff,126.0,ward_127
kmlpark_165,,0.06302,13.028537,77.521441,,886014591bfffff,126.0,ward_127
kmlpark_166,,0.06568,13.023153,77.523333,,8860145825fffff,126.0,ward_127
kmlpark_167,,0.0461,13.037692,77.51849,,8860145913fffff,126.0,ward_127
kmlpark_168,,0.0185,13.028243,77.538998,,8860145957fffff,107.0,ward_108
kmlpark_169,,0.0271,13.038205,77.501024,,88601459c7fffff,173.0,ward_174
kmlpark_170,,0.06414,13.033813,77.50155,,88601459c1fffff,173.0,ward_174
kmlpark_171,,0.01022,13.035063,77.501784,,88601459c1fffff,173.0,ward_174
kmlpark_172,,0.05301,13.036433,77.502016,,88601459c7fffff,173.0,ward_174
kmlpark_173,,0.04439,13.038112,77.502296,,88601459c7fffff,173.0,ward_174
kmlpark_174,,0.01763,13.039193,77.502459,,88601459c7fffff,173.0,ward_174
kmlpark_175,,0.02342,13.03999,77.502586,,88601459c7fffff,173.0,ward_174
kmlpark_176,,0.02987,13.035334,77.511159,,88601459cdfffff,173.0,ward_174
kmlpark_177,,0.0623,13.03189,77.493388,,88601459c3fffff,193.0,ward_194
kmlpark_178,,0.01978,13.006944,77.475986,,88601458e7fffff,193.0,ward_194
kmlpark_179,,0.04385,13.0078,77.477264,,88601458e5fffff,193.0,ward_194
kmlpark_180,,0.00471,13.002622,77.485493,,88601458edfffff,193.0,ward_194
kmlpark_181,,0.01925,13.002822,77.483834,,88601458edfffff,193.0,ward_194
kmlpark_182,,0.02667,13.026058,77.496822,,88601459cbfffff,157.0,ward_158
kmlpark_183,,0.01902,13.018528,77.519021,,8860145821fffff,144.0,ward_145
kmlpark_184,,0.10702,13.027906,77.540039,,8860145951fffff,107.0,ward_108
kmlpark_185,,0.02869,13.010923,77.536105,,8860145867fffff,93.0,ward_94
kmlpark_186,,0.01243,13.014545,77.536159,,886014595bfffff,93.0,ward_94
kmlpark_187,,0.04417,13.010976,77.531505,,8860145867fffff,93.0,ward_94
kmlpark_188,,0.04933,13.017655,77.535127,,886014595bfffff,93.0,ward_94
kmlpark_189,,0.02543,13.011332,77.531861,,8860145867fffff,93.0,ward_94
kmlpark_190,,0.06766,13.017959,77.534207,,886014595bfffff,93.0,ward_94
kmlpark_191,,0.00863,13.017071,77.532324,,886014595bfffff,93.0,ward_94
kmlpark_192,,0.02136,13.017039,77.538294,,886014595bfffff,75.0,ward_76
kmlpark_193,,0.00733,13.018195,77.534269,,886014595bfffff,93.0,ward_94
kmlpark_194,,0.04334,13.011413,77.536722,,886014595bfffff,93.0,ward_94
kmlpark_195,,0.05589,13.013193,77.535217,,886014595bfffff,93.0,ward_94
kmlpark_196,,0.08946,13.013567,77.535801,,886014595bfffff,93.0,ward_94
kmlpark_197,,0.04829,13.012242,77.547263,,8860145b33fffff,49.0,ward_50
kmlpark_198,,0.05048,13.018828,77.549412,,886014595dfffff,75.0,ward_76
kmlpark_199,,0.05694,13.016404,77.542477,,8860145959fffff,75.0,ward_76
kmlpark_200,,0.1146,13.012759,77.542129,,8860145959fffff,75.0,ward_76
kmlpark_201,,0.03476,13.01381,77.5416,,8860145959fffff,75.0,ward_76
kmlpark_202,,0.06124,13.010107,77.543692,,8860145865fffff,64.0,ward_65
kmlpark_203,,0.06642,13.00996,77.543525,,8860145865fffff,64.0,ward_65
kmlpark_204,,0.06312,13.018263,77.558001,,8860145b35fffff,30.0,ward_31
kmlpark_205,,0.06297,13.006547,77.565202,,8860145b3dfffff,30.0,ward_31
kmlpark_206,,0.05816,13.01046,77.594328,,8860145b67fffff,44.0,ward_45
kmlpark_207,,0.06004,13.021312,77.59705,,8861892cd1fffff,44.0,ward_45
kmlpark_208,,0.01801,13.021687,77.596154,,8861892cd1fffff,44.0,ward_45
kmlpark_209,,0.02119,13.023179,77.59601,,8861892cd1fffff,44.0,ward_45
kmlpark_210,,0.07922,13.01947,77.596234,,8861892cdbfffff,44.0,ward_45
kmlpark_211,,0.03341,13.004998,77.603937,,8860145b6dfffff,32.0,ward_33
kmlpark_212,,0.02096,13.019463,77.596211,,8861892cdbfffff,44.0,ward_45
kmlpark_213,,0.06814,13.012176,77.629028,,8861892ea3fffff,85.0,ward_86
kmlpark_214,,0.03021,13.000732,77.662419,,8861892eedfffff,143.0,ward_144
kmlpark_215,,0.02052,12.996855,77.66181,,8861892eedfffff,143.0,ward_144
kmlpark_216,,0.06737,13.003291,77.661727,,8861892eedfffff,143.0,ward_144
kmlpark_217,,0.04551,13.011792,77.659023,,8861892ee5fffff,152.0,ward_153
kmlpark_218,,0.05982,13.004436,77.661249,,8861892eedfffff,143.0,ward_144
kmlpark_219,,0.05354,12.969064,77.67482,,8861892e53fffff,181.0,ward_182
kmlpark_220,,0.1102,12.971474,77.682727,,8861892e53fffff,181.0,ward_182
kmlpark_221,,0.071,12.991703,77.676996,,8861892e15fffff,196.0,ward_197
kmlpark_222,,0.07046,13.02306,77.708897,,8861892f53fffff,,ward_197
kmlpark_223,,0.09041,13.025014,77.707563,,8861892f53fffff,,ward_197
kmlpark_224,,0.05505,13.017438,77.703887,,8861892e2dfffff,,ward_197
kmlpark_225,,0.07818,13.006559,77.682736,,8861892e3dfffff,187.0,ward_188
kmlpark_226,,0.04646,13.004746,77.689675,,8861892e2bfffff,196.0,ward_197
kmlpark_227,,0.01473,13.007497,77.694963,,8861892e2bfffff,196.0,ward_197
kmlpark_228,,0.06971,12.996118,77.66625,,8861892e17fffff,166.0,ward_167
kmlpark_229,,0.03514,12.983974,77.661428,,8861892e13fffff,147.0,ward_148
kmlpark_230,,0.02953,12.970533,77.650636,,8861892ec9fffff,145.0,ward_146
kmlpark_231,,0.02589,12.973445,77.656359,,8861892ec9fffff,145.0,ward_146
kmlpark_232,,0.0235,12.974979,77.654565,,8861892ec9fffff,145.0,ward_146
kmlpark_233,,0.12973,13.000701,77.621468,,8861892eb9fffff,88.0,ward_89
kmlpark_234,,0.05043,13.000951,77.623965,,8861892eb9fffff,88.0,ward_89
kmlpark_235,,0.07488,13.000468,77.628355,,8861892e87fffff,88.0,ward_89
kmlpark_236,,0.05435,13.004732,77.626969,,8861892e87fffff,88.0,ward_89
kmlpark_237,,0.02141,12.996365,77.64131,,8861892e8dfffff,88.0,ward_89
kmlpark_238,,0.07518,13.004029,77.616973,,8861892eb1fffff,60.0,ward_61
kmlpark_239,,0.03422,13.005549,77.619976,,8861892eb9fffff,60.0,ward_61
kmlpark_240,,0.04837,13.000379,77.607627,,8861892ebbfffff,40.0,ward_41
kmlpark_241,,0.04743,13.004756,77.605576,,8861892eb3fffff,48.0,ward_49
kmlpark_242,,0.03557,13.000423,77.607639,,8861892ebbfffff,40.0,ward_41
kmlpark_243,,0.05344,13.004991,77.603942,,8860145b6dfffff,32.0,ward_33
kmlpark_244,,0.02838,13.001045,77.597562,,8860145b61fffff,6.0,ward_7
kmlpark_245,,0.04472,13.002247,77.596325,,8860145b61fffff,6.0,ward_7
kmlpark_246,,0.01894,12.998147,77.603439,,8860145b6dfffff,6.0,ward_7
kmlpark_247,,0.03577,12.998226,77.604433,,8860145b6dfffff,6.0,ward_7
kmlpark_248,,0.05135,12.984343,77.598943,,8861892e93fffff,3.0,ward_4
kmlpark_249,,0.0732,13.004249,77.579697,,8860145b05fffff,15.0,ward_16
kmlpark_250,,0.04667,13.002544,77.576687,,8860145b05fffff,15.0,ward_16
kmlpark_251,,0.0806,12.999143,77.574338,,8860145b05fffff,15.0,ward_16
kmlpark_252,,0.03915,13.006906,77.578348,,8860145b29fffff,38.0,ward_39
kmlpark_253,,0.01271,12.998957,77.581921,,8860145b05fffff,15.0,ward_16
kmlpark_254,,0.09679,12.996521,77.582361,,8860145b0dfffff,6.0,ward_7
kmlpark_255,,0.00978,12.999646,77.581363,,8860145b05fffff,15.0,ward_16
kmlpark_256,,0.03754,12.999602,77.584017,,8860145b63fffff,15.0,ward_16
kmlpark_257,,0.06886,13.006101,77.575472,,8860145b2bfffff,38.0,ward_39
kmlpark_258,,0.04923,13.003221,77.570635,,8860145b07fffff,30.0,ward_31
kmlpark_259,,0.03786,13.003077,77.570687,,8860145b07fffff,30.0,ward_31
kmlpark_260,,0.03649,13.000933,77.563685,,8860145b39fffff,30.0,ward_31
kmlpark_261,,0.04858,13.007253,77.557824,,8860145b31fffff,30.0,ward_31
kmlpark_262,,0.02716,13.010372,77.55831,,8860145b31fffff,30.0,ward_31
kmlpark_263,,0.03713,13.009755,77.557001,,8860145b31fffff,30.0,ward_31
kmlpark_264,,0.00432,12.999408,77.542011,,886014586dfffff,49.0,ward_50
kmlpark_265,,0.08412,13.00178,77.547504,,886014586dfffff,49.0,ward_50
kmlpark_266,,0.05108,13.008598,77.544169,,8860145865fffff,64.0,ward_65
kmlpark_267,,0.02839,13.00418,77.54283,,886014586dfffff,49.0,ward_50
kmlpark_268,,0.06108,13.003917,77.546466,,886014586dfffff,49.0,ward_50
kmlpark_269,,0.04005,13.002569,77.551779,,8860145b3bfffff,49.0,ward_50
kmlpark_270,,0.06524,13.011116,77.551278,,8860145b33fffff,49.0,ward_50
kmlpark_271,,0.01308,13.007248,77.544841,,8860145b33fffff,49.0,ward_50
kmlpark_272,,0.02132,13.00285,77.541857,,886014586dfffff,49.0,ward_50
kmlpark_273,,0.06798,13.004413,77.5453,,886014586dfffff,49.0,ward_50
kmlpark_274,,0.04652,12.997854,77.545652,,886014586dfffff,49.0,ward_50
kmlpark_275,,0.0642,12.998472,77.548833,,8860145b3bfffff,49.0,ward_50
kmlpark_276,,0.0555,13.00316,77.546762,,886014586dfffff,49.0,ward_50
kmlpark_277,,0.07708,13.010264,77.543566,,8860145865fffff,64.0,ward_65
kmlpark_278,,0.07094,13.009978,77.543451,,8860145865fffff,64.0,ward_65
kmlpark_279,,0.04134,13.006928,77.537686,,8860145865fffff,64.0,ward_65
kmlpark_280,,0.07808,13.006741,77.538165,,8860145865fffff,64.0,ward_65
kmlpark_281,,0.11615,13.006641,77.53843,,8860145865fffff,64.0,ward_65
kmlpark_282,,0.06674,13.010751,77.538051,,8860145865fffff,77.0,ward_78
kmlpark_283,,0.03619,13.008781,77.545484,,8860145b33fffff,64.0,ward_65
kmlpark_284,,0.06393,13.010085,77.543547,,8860145865fffff,64.0,ward_65
kmlpark_285,,0.08737,13.012154,77.544745,,8860145959fffff,64.0,ward_65
kmlpark_286,,0.03569,13.008518,77.544241,,8860145865fffff,64.0,ward_65
kmlpark_287,,0.05549,13.008141,77.539937,,8860145865fffff,64.0,ward_65
kmlpark_288,,0.07044,12.967564,77.527095,,886014584bfffff,73.0,ward_74
kmlpark_289,,0.0458,12.994715,77.487791,,8860145817fffff,164.0,ward_165
kmlpark_290,,0.03251,12.996415,77.488181,,8860145817fffff,164.0,ward_165
kmlpark_291,,0.03575,12.996649,77.486291,,8860145817fffff,164.0,ward_165
kmlpark_292,,0.04373,12.98991,77.487426,,8860145813fffff,164.0,ward_165
kmlpark_293,,0.04521,12.979282,77.476401,,88601458c1fffff,182.0,ward_183
kmlpark_294,,0.04871,12.981793,77.486337,,886014581bfffff,164.0,ward_165
kmlpark_295,,0.07982,12.976466,77.485422,,886014581bfffff,164.0,ward_165
kmlpark_296,,0.02938,12.972145,77.482871,,8860145aa7fffff,164.0,ward_165
kmlpark_297,,0.0403,12.977803,77.485699,,886014581bfffff,164.0,ward_165
kmlpark_298,,0.07624,12.982121,77.484406,,8860145813fffff,182.0,ward_183
kmlpark_299,,0.04626,12.982063,77.476605,,88601458c5fffff,182.0,ward_183
kmlpark_300,,0.05055,12.978803,77.483933,,88601458cdfffff,182.0,ward_183
kmlpark_301,,0.07712,12.971113,77.515943,,886014585dfffff,110.0,ward_111
kmlpark_302,,0.08774,12.962601,77.507754,,886014585bfffff,135.0,ward_136
kmlpark_303,,0.04857,12.964023,77.509133,,886014585bfffff,135.0,ward_136
kmlpark_304,,0.05134,12.962958,77.510268,,8860145859fffff,135.0,ward_136
kmlpark_305,,0.05653,12.962023,77.513761,,8860145859fffff,135.0,ward_136
kmlpark_306,,0.05131,12.968664,77.514431,,8860145859fffff,135.0,ward_136
kmlpark_307,,0.06725,12.973034,77.512335,,8860145851fffff,110.0,ward_111
kmlpark_308,,0.0609,12.97687,77.512272,,8860145855fffff,110.0,ward_111
kmlpark_309,,0.00754,12.977285,77.513007,,8860145855fffff,110.0,ward_111
kmlpark_310,,0.00318,12.979639,77.513809,,8860145855fffff,110.0,ward_111
kmlpark_311,,0.04072,12.977262,77.516348,,8860145855fffff,110.0,ward_111
kmlpark_312,,0.01605,12.966053,77.51652,,8860145859fffff,135.0,ward_136
kmlpark_313,,0.06627,12.994878,77.537968,,8860145869fffff,69.0,ward_70
kmlpark_314,,0.04223,12.992889,77.531993,,886014586bfffff,69.0,ward_70
kmlpark_315,,0.06603,12.998891,77.528099,,8860145863fffff,67.0,ward_68
kmlpark_316,,0.02765,12.995168,77.533161,,886014586bfffff,69.0,ward_70
kmlpark_317,,0.02052,13.002869,77.541831,,886014586dfffff,49.0,ward_50
kmlpark_318,,0.04755,12.996225,77.534527,,886014586bfffff,67.0,ward_68
kmlpark_319,,0.04805,12.997614,77.537516,,8860145861fffff,67.0,ward_68
kmlpark_320,,0.09242,13.003033,77.542129,,886014586dfffff,49.0,ward_50
kmlpark_321,,0.02999,13.001705,77.53905,,8860145861fffff,49.0,ward_50
kmlpark_322,,0.08602,13.001407,77.537752,,8860145861fffff,49.0,ward_50
kmlpark_323,,0.02226,12.999084,77.538213,,8860145861fffff,67.0,ward_68
kmlpark_324,,0.03212,12.998823,77.526946,,8860145863fffff,104.0,ward_105
kmlpark_325,,0.05428,12.999803,77.531159,,8860145863fffff,67.0,ward_68
kmlpark_326,,0.0685,13.000142,77.53257,,8860145861fffff,67.0,ward_68
kmlpark_327,,0.05042,12.994652,77.572968,,8860145b01fffff,8.0,ward_9
kmlpark_328,,0.06124,12.993998,77.609156,,8861892e97fffff,40.0,ward_41
kmlpark_329,,0.03356,13.000193,77.61949,,8861892eb9fffff,40.0,ward_41
kmlpark_330,,0.05221,12.990552,77.619342,,8861892e95fffff,40.0,ward_41
kmlpark_331,,0.06836,13.000612,77.61094,,8861892ebbfffff,40.0,ward_41
kmlpark_332,,0.04355,12.979615,77.633671,,8861892ed5fffff,100.0,ward_101
kmlpark_333,,0.0446,12.979615,77.633671,,8861892ed5fffff,100.0,ward_101
kmlpark_334,,0.09463,12.981048,77.637634,,8861892ec3fffff,100.0,ward_101
kmlpark_335,,0.0608,12.980145,77.629093,,8861892ed5fffff,100.0,ward_101
kmlpark_336,,0.06659,12.979552,77.635907,,8861892ed5fffff,100.0,ward_101
kmlpark_337,,0.03603,12.978895,77.627182,,8861892ed7fffff,100.0,ward_101
kmlpark_338,,0.03078,12.981944,77.635192,,8861892e89fffff,100.0,ward_101
kmlpark_339,,0.06705,12.975434,77.644883,,8861892ecbfffff,100.0,ward_101
kmlpark_340,,0.0882,12.991678,77.676966,,8861892e15fffff,196.0,ward_197
kmlpark_341,,0.05765,12.997744,77.760704,,88618921e3fffff,,ward_197
kmlpark_342,,0.06916,12.971488,77.747912,,88618921d1fffff,,ward_197
kmlpark_343,,0.0863,12.966631,77.716162,,88618920a3fffff,,ward_182
kmlpark_344,,0.0238,12.974457,77.700829,,8861892e43fffff,,ward_182
kmlpark_345,,0.03571,12.962013,77.709605,,88618920b5fffff,,ward_182
kmlpark_346,,0.05216,12.970405,77.699382,,8861892e5dfffff,,ward_182
kmlpark_347,,0.01992,12.962677,77.713954,,88618920a3fffff,,ward_182
kmlpark_348,,0.06564,12.968711,77.700426,,8861892e4bfffff,,ward_182
kmlpark_349,,0.03089,12.958509,77.718746,,88618920abfffff,,ward_182
kmlpark_350,,0.04656,12.966475,77.658726,,8861892523fffff,129.0,ward_130
kmlpark_351,,0.07497,12.963728,77.643026,,8861892537fffff,129.0,ward_130
kmlpark_352,,0.09385,12.971205,77.64409,,8861892ecbfffff,100.0,ward_101
kmlpark_353,,0.00285,12.973851,77.627536,,8861892ed1fffff,68.0,ward_69
kmlpark_354,,0.05067,12.970155,77.631544,,8861892ed1fffff,68.0,ward_69
kmlpark_355,,0.02474,12.97387,77.626814,,8861892ed1fffff,68.0,ward_69
kmlpark_356,,0.04865,12.972605,77.628655,,8861892ed1fffff,68.0,ward_69
kmlpark_357,,0.01604,12.98097,77.615698,,8861892e99fffff,43.0,ward_44
kmlpark_358,,0.04427,12.98529,77.622341,,8861892e9dfffff,43.0,ward_44
kmlpark_359,,0.02187,12.98435,77.59892,,8860145b45fffff,3.0,ward_4
kmlpark_360,,0.05584,12.991504,77.599631,,8860145b69fffff,6.0,ward_7
kmlpark_361,,0.03522,12.993853,77.590637,,8860145b6bfffff,6.0,ward_7
kmlpark_362,,0.03928,12.996081,77.584412,,8860145b0dfffff,6.0,ward_7
kmlpark_363,,0.05595,12.992576,77.598816,,8860145b69fffff,6.0,ward_7
kmlpark_364,,0.02589,12.991853,77.578189,,8860145b0dfffff,6.0,ward_7
kmlpark_365,,0.04254,12.990763,77.581942,,8860145b0dfffff,6.0,ward_7
kmlpark_366,,0.09248,12.973673,77.572454,,8860145b51fffff,0.0,ward_1
kmlpark_367,,0.049,12.991951,77.572003,,8860145b01fffff,0.0,ward_1
kmlpark_368,,0.05124,12.988146,77.57573,,8860145b09fffff,0.0,ward_1
kmlpark_369,,0.02076,12.978224,77.578317,,8860145b43fffff,0.0,ward_1
kmlpark_370,,0.03517,12.979891,77.572037,,8860145b55fffff,0.0,ward_1
kmlpark_371,,0.0549,12.980011,77.571451,,8860145b55fffff,0.0,ward_1
kmlpark_372,,0.06403,12.987037,77.576342,,8860145b09fffff,0.0,ward_1
kmlpark_373,,0.04325,12.977396,77.581677,,8860145b43fffff,0.0,ward_1
kmlpark_374,,0.06026,12.990221,77.577966,,8860145b09fffff,0.0,ward_1
kmlpark_375,,0.0402,12.976377,77.63715,,8861892ec3fffff,100.0,ward_101
kmlpark_376,,0.04693,12.984042,77.565499,,8860145b0bfffff,5.0,ward_6
kmlpark_377,,0.04881,12.987933,77.567591,,8860145b0bfffff,5.0,ward_6
kmlpark_378,,0.06574,12.989338,77.565435,,8860145b03fffff,12.0,ward_13
kmlpark_379,,0.04546,12.997059,77.556426,,8860145b15fffff,26.0,ward_27
kmlpark_380,,0.03688,12.995557,77.558897,,8860145b15fffff,26.0,ward_27
kmlpark_381,,0.04371,12.99741,77.552896,,8860145b3bfffff,26.0,ward_27
kmlpark_382,,0.034,12.993912,77.553458,,8860145b15fffff,26.0,ward_27
kmlpark_383,,0.05016,12.996483,77.564472,,8860145b03fffff,18.0,ward_19
kmlpark_384,,0.02104,12.985879,77.553232,,8860145b11fffff,21.0,ward_22
kmlpark_385,,0.03316,12.995638,77.543901,,8860145869fffff,26.0,ward_27
kmlpark_386,,0.03279,12.996743,77.543086,,8860145869fffff,26.0,ward_27
kmlpark_387,,0.03111,12.995947,77.541299,,8860145869fffff,41.0,ward_42
kmlpark_388,,0.04593,12.994636,77.551817,,8860145b17fffff,26.0,ward_27
kmlpark_389,,0.06473,12.995893,77.541436,,8860145869fffff,41.0,ward_42
kmlpark_390,,0.01078,12.990837,77.544176,,8860145b13fffff,41.0,ward_42
kmlpark_391,,0.00581,12.99106,77.534357,,886014586bfffff,53.0,ward_54
kmlpark_392,,0.05857,12.991404,77.534775,,886014586bfffff,53.0,ward_54
kmlpark_393,,0.07191,12.989455,77.535929,,8860145845fffff,53.0,ward_54
kmlpark_394,,0.10566,12.984894,77.529729,,8860145847fffff,53.0,ward_54
kmlpark_395,,0.02594,12.983575,77.534649,,8860145845fffff,53.0,ward_54
kmlpark_396,,0.06472,12.992098,77.529345,,886014586bfffff,80.0,ward_81
kmlpark_397,,0.08688,12.977633,77.529713,,8860145841fffff,62.0,ward_63
kmlpark_398,,0.06246,12.978361,77.527874,,8860145841fffff,78.0,ward_79
kmlpark_399,,0.04722,12.975074,77.542526,,8860145a27fffff,42.0,ward_43
kmlpark_400,,0.03902,12.978251,77.535658,,886014584dfffff,42.0,ward_43
kmlpark_401,,0.0522,12.97415,77.540188,,886014584dfffff,42.0,ward_43
kmlpark_402,,0.04762,12.974999,77.536317,,8860145849fffff,62.0,ward_63
kmlpark_403,,0.02546,12.984557,77.541062,,8860145b13fffff,25.0,ward_26
kmlpark_404,,0.01508,12.984521,77.53479,,8860145845fffff,53.0,ward_54
kmlpark_405,,0.04619,12.984208,77.539857,,8860145845fffff,42.0,ward_43
kmlpark_406,,0.02915,12.975035,77.542603,,8860145a27fffff,42.0,ward_43
kmlpark_407,,0.06105,12.986275,77.53853,,8860145845fffff,42.0,ward_43
kmlpark_408,,0.06201,12.986287,77.53858,,8860145845fffff,42.0,ward_43
kmlpark_409,,0.03717,12.986287,77.538576,,8860145845fffff,42.0,ward_43
kmlpark_410,,0.03975,12.976816,77.554609,,8860145b19fffff,25.0,ward_26
kmlpark_411,,0.0569,12.979629,77.548853,,8860145b1bfffff,25.0,ward_26
kmlpark_412,,0.04588,12.981891,77.537832,,886014584dfffff,42.0,ward_43
kmlpark_413,,0.03154,12.983557,77.546533,,8860145b13fffff,25.0,ward_26
kmlpark_414,,0.03774,12.992496,77.550039,,8860145b17fffff,21.0,ward_22
kmlpark_415,,0.05084,12.99266,77.54996,,8860145b17fffff,21.0,ward_22
kmlpark_416,,0.04835,12.987243,77.550479,,8860145b11fffff,21.0,ward_22
kmlpark_417,,0.09218,12.987244,77.55045,,8860145b11fffff,21.0,ward_22
kmlpark_418,,0.07101,12.983881,77.551645,,8860145b11fffff,21.0,ward_22
kmlpark_419,,0.04149,12.986304,77.557231,,8860145b1dfffff,14.0,ward_15
kmlpark_420,,0.05703,12.983777,77.55167,,8860145b11fffff,21.0,ward_22
kmlpark_421,,0.03229,12.989196,77.557632,,8860145b15fffff,14.0,ward_15
kmlpark_422,,0.01734,12.984617,77.557834,,8860145b1dfffff,14.0,ward_15
kmlpark_423,,0.07504,12.983097,77.549541,,8860145b11fffff,21.0,ward_22
kmlpark_424,,0.08191,12.985591,77.553324,,8860145b11fffff,21.0,ward_22
kmlpark_425,,0.08821,12.967702,77.588843,,88618925b5fffff,3.0,ward_4
kmlpark_426,,0.05103,12.969929,77.584659,,8860145b4bfffff,3.0,ward_4
kmlpark_427,,0.04657,12.97754,77.581612,,8860145b43fffff,0.0,ward_1
kmlpark_428,,0.0743,12.966123,77.587148,,88618925b5fffff,3.0,ward_4
kmlpark_429,,0.02449,12.985623,77.590964,,8860145b45fffff,3.0,ward_4
kmlpark_430,,0.02207,12.978246,77.587368,,8860145b41fffff,3.0,ward_4
kmlpark_431,,0.07225,12.967711,77.588937,,88618925b5fffff,3.0,ward_4
kmlpark_432,,0.01773,12.964601,77.615822,,88618925adfffff,45.0,ward_46
kmlpark_433,,0.04553,12.962459,77.613825,,88618925adfffff,45.0,ward_46
kmlpark_434,,0.01044,12.974086,77.61139,,88618925a5fffff,20.0,ward_21
kmlpark_435,,0.05518,12.972915,77.612009,,88618925a5fffff,20.0,ward_21
kmlpark_436,,0.02406,12.965629,77.637055,,8861892537fffff,105.0,ward_106
kmlpark_437,,0.05644,12.965629,77.637055,,8861892537fffff,105.0,ward_106
kmlpark_438,,0.04069,12.968692,77.636645,,8861892eddfffff,105.0,ward_106
kmlpark_439,,0.0403,12.963636,77.635739,,8861892ed9fffff,105.0,ward_106
kmlpark_440,,0.06691,12.961371,77.639494,,8861892537fffff,105.0,ward_106
kmlpark_441,,0.01058,12.961173,77.660445,,8861892523fffff,172.0,ward_173
kmlpark_442,,0.02557,12.961785,77.659536,,8861892523fffff,140.0,ward_141
kmlpark_443,,0.04714,12.954769,77.600621,,88618925abfffff,23.0,ward_24
kmlpark_444,,0.0641,12.952276,77.624242,,88618925e1fffff,128.0,ward_129
kmlpark_445,,0.02285,12.952725,77.625111,,88618925e5fffff,128.0,ward_129
kmlpark_446,,0.0685,12.973692,77.562814,,8860145b53fffff,4.0,ward_5
kmlpark_447,,0.04363,12.968233,77.573338,,8860145b59fffff,4.0,ward_5
kmlpark_448,,0.04083,12.972544,77.561712,,8860145b53fffff,4.0,ward_5
kmlpark_449,,0.05399,12.975075,77.561877,,8860145b53fffff,11.0,ward_12
kmlpark_450,,0.04333,12.972432,77.52976,,886014584bfffff,62.0,ward_63
kmlpark_451,,0.08128,12.974761,77.529014,,886014584bfffff,62.0,ward_63
kmlpark_452,,0.07881,12.970383,77.535138,,8860145849fffff,62.0,ward_63
kmlpark_453,,0.04467,12.972531,77.536023,,8860145849fffff,62.0,ward_63
kmlpark_454,,0.01482,12.973621,77.534128,,8860145849fffff,62.0,ward_63
kmlpark_455,,0.0805,12.966435,77.535497,,8860145849fffff,73.0,ward_74
kmlpark_456,,0.01877,12.968105,77.532303,,8860145849fffff,73.0,ward_74
kmlpark_457,,0.01433,12.967523,77.527102,,886014584bfffff,73.0,ward_74
kmlpark_458,,0.0126,12.965581,77.529632,,8860145a35fffff,73.0,ward_74
kmlpark_459,,0.04783,12.965099,77.524196,,8860145a37fffff,114.0,ward_115
kmlpark_460,,0.03289,12.967568,77.527067,,886014584bfffff,73.0,ward_74
kmlpark_461,,0.02476,12.973357,77.527033,,886014584bfffff,73.0,ward_74
kmlpark_462,,0.04665,12.966749,77.518895,,886014585dfffff,114.0,ward_115
kmlpark_463,,0.0473,12.968142,77.517962,,886014585dfffff,114.0,ward_115
kmlpark_464,,0.00633,12.963594,77.523468,,8860145a37fffff,114.0,ward_115
kmlpark_465,,0.06443,12.967543,77.519257,,886014585dfffff,114.0,ward_115
kmlpark_466,,0.06234,12.973433,77.519792,,886014585dfffff,91.0,ward_92
kmlpark_467,,0.04576,12.954434,77.521908,,8860145a33fffff,102.0,ward_103
kmlpark_468,,0.01116,12.956138,77.512335,,8860145ae5fffff,114.0,ward_115
kmlpark_469,,0.01266,12.955587,77.528058,,8860145a31fffff,102.0,ward_103
kmlpark_470,,0.03223,12.958117,77.520374,,8860145a33fffff,102.0,ward_103
kmlpark_471,,0.04544,12.951944,77.521364,,8860145a3bfffff,102.0,ward_103
kmlpark_472,,0.03632,12.958198,77.528916,,8860145a31fffff,82.0,ward_83
kmlpark_473,,0.04808,12.955774,77.522096,,8860145a33fffff,102.0,ward_103
kmlpark_474,,0.0368,12.956094,77.52007,,8860145a33fffff,102.0,ward_103
kmlpark_475,,0.0548,12.958663,77.512274,,8860145ae5fffff,114.0,ward_115
kmlpark_476,,0.02663,12.933743,77.503905,,8860145ac5fffff,135.0,ward_136
kmlpark_477,,0.07497,12.932117,77.503211,,8860145ac5fffff,135.0,ward_136
kmlpark_478,,0.06646,12.954539,77.492162,,8860145aa9fffff,154.0,ward_155
kmlpark_479,,0.03249,12.964982,77.499044,,8860145aadfffff,154.0,ward_155
kmlpark_480,,0.03984,12.971105,77.499667,,8860145853fffff,154.0,ward_155
kmlpark_481,,0.06539,12.97149,77.498991,,8860145853fffff,154.0,ward_155
kmlpark_482,,0.06468,12.948843,77.520934,,8860145a3bfffff,114.0,ward_115
kmlpark_483,,0.04666,12.980502,77.504017,,8860145857fffff,139.0,ward_140
kmlpark_484,,0.07607,12.971839,77.491726,,8860145aa5fffff,164.0,ward_165
kmlpark_485,,0.09438,12.979416,77.507591,,8860145857fffff,139.0,ward_140
kmlpark_486,,0.04649,12.969358,77.497461,,8860145aa5fffff,182.0,ward_183
kmlpark_487,,0.07207,12.95825,77.506284,,8860145ae5fffff,135.0,ward_136
kmlpark_488,,0.0173,12.958235,77.506324,,8860145ae5fffff,135.0,ward_136
kmlpark_489,,0.04637,12.958902,77.509778,,8860145ae5fffff,135.0,ward_136
kmlpark_490,,0.08033,12.970175,77.509283,,8860145851fffff,135.0,ward_136
kmlpark_491,,0.06895,12.959565,77.514212,,8860145859fffff,135.0,ward_136
kmlpark_492,,0.08065,12.967142,77.498183,,8860145aadfffff,154.0,ward_155
kmlpark_493,,0.04857,12.930095,77.493743,,8860145ac3fffff,188.0,ward_189
kmlpark_494,,0.07178,12.930683,77.493361,,8860145ac3fffff,188.0,ward_189
kmlpark_495,,0.00805,12.937619,77.488313,,8860145a89fffff,176.0,ward_177
kmlpark_496,,0.03768,12.925842,77.49167,,8860145ac3fffff,188.0,ward_189
kmlpark_497,,0.05347,12.940396,77.491177,,8860145a8dfffff,176.0,ward_177
kmlpark_498,,0.0602,12.939971,77.493792,,8860145a8dfffff,176.0,ward_177
kmlpark_499,,0.01501,12.943519,77.485356,,8860145a81fffff,176.0,ward_177
kmlpark_500,,0.03757,12.945307,77.486483,,8860145a81fffff,176.0,ward_177
kmlpark_501,,0.05794,12.965423,77.481269,,8860145aa3fffff,182.0,ward_183
kmlpark_502,,0.06932,12.952362,77.47992,,8860145a87fffff,182.0,ward_183
kmlpark_503,,0.06598,12.931829,77.487079,,8860145a89fffff,,ward_177
kmlpark_504,,0.10259,12.952771,77.529369,,8860145a39fffff,82.0,ward_83
kmlpark_505,,0.06988,12.946302,77.521107,,8860145a3bfffff,114.0,ward_115
kmlpark_506,,0.02491,12.938352,77.51844,,8860145a17fffff,123.0,ward_124
kmlpark_507,,0.0574,12.938346,77.518289,,8860145a17fffff,123.0,ward_124
kmlpark_508,,0.05628,12.937878,77.518425,,8860145a17fffff,123.0,ward_124
kmlpark_509,,0.06077,12.937784,77.518236,,8860145a17fffff,123.0,ward_124
kmlpark_510,,0.01917,12.937428,77.517803,,8860145a17fffff,123.0,ward_124
kmlpark_511,,0.06356,12.963989,77.555763,,8860145a2dfffff,19.0,ward_20
kmlpark_512,,0.05436,12.96387,77.558127,,8860145a2dfffff,13.0,ward_14
kmlpark_513,,0.07089,12.963107,77.561608,,8860145b5bfffff,13.0,ward_14
kmlpark_514,,0.0375,12.9578,77.57254,,8860145a65fffff,17.0,ward_18
kmlpark_515,,0.05276,12.959419,77.557912,,8860145a67fffff,17.0,ward_18
kmlpark_516,,0.06716,12.951113,77.555978,,8860145a63fffff,36.0,ward_37
kmlpark_517,,0.00759,12.940904,77.615752,,88618925ebfffff,76.0,ward_77
kmlpark_518,,0.04275,12.940464,77.617201,,88618925ebfffff,76.0,ward_77
kmlpark_519,,0.03471,12.939234,77.619803,,88618925ebfffff,76.0,ward_77
kmlpark_520,,0.01183,12.939357,77.611079,,886189258dfffff,76.0,ward_77
kmlpark_521,,0.02069,12.938744,77.613156,,886189258dfffff,76.0,ward_77
kmlpark_522,,0.04587,12.936694,77.617628,,88618925c7fffff,76.0,ward_77
kmlpark_523,,0.04724,12.938803,77.613162,,886189258dfffff,76.0,ward_77
kmlpark_524,,0.04332,12.936761,77.611303,,886189258dfffff,76.0,ward_77
kmlpark_525,,0.02492,12.93428,77.631781,,8861892513fffff,103.0,ward_104
kmlpark_526,,0.07607,12.944689,77.623801,,88618925e1fffff,119.0,ward_120
kmlpark_527,,0.07463,12.933113,77.632737,,8861892513fffff,103.0,ward_104
kmlpark_528,,0.05571,12.916206,77.667458,,886189255dfffff,,ward_186
kmlpark_529,,0.02263,12.934882,77.612381,,88618925c7fffff,76.0,ward_77
kmlpark_530,,0.00911,12.936686,77.617636,,88618925c7fffff,76.0,ward_77
kmlpark_531,,0.09242,12.936,77.62258,,88618925c5fffff,76.0,ward_77
kmlpark_532,,0.0541,12.939273,77.619786,,88618925ebfffff,76.0,ward_77
kmlpark_533,,0.02354,12.937605,77.621202,,88618925ebfffff,76.0,ward_77
kmlpark_534,,0.05757,12.938748,77.625117,,88618925e9fffff,119.0,ward_120
kmlpark_535,,0.06449,12.934348,77.622197,,88618925c5fffff,76.0,ward_77
kmlpark_536,,0.0494,12.928368,77.633485,,886189251bfffff,119.0,ward_120
kmlpark_537,,0.07896,12.928832,77.630408,,88618925cdfffff,119.0,ward_120
kmlpark_538,,0.04467,12.932255,77.629511,,8861892513fffff,119.0,ward_120
kmlpark_539,,0.07887,12.930743,77.62955,,8861892513fffff,119.0,ward_120
kmlpark_540,,0.05982,12.93078,77.632034,,8861892513fffff,119.0,ward_120
kmlpark_541,,0.01183,12.927654,77.627281,,88618925cdfffff,119.0,ward_120
kmlpark_542,,0.03288,12.935781,77.618608,,88618925c7fffff,76.0,ward_77
kmlpark_543,,0.0634,12.935072,77.619299,,88618925c5fffff,76.0,ward_77
kmlpark_544,,0.05275,12.934966,77.618055,,88618925c7fffff,76.0,ward_77
kmlpark_545,,0.03097,12.934871,77.618049,,88618925c7fffff,76.0,ward_77
kmlpark_546,,0.04383,12.93158,77.613026,,88618925c7fffff,86.0,ward_87
kmlpark_547,,0.01883,12.932001,77.606272,,8861892589fffff,86.0,ward_87
kmlpark_548,,0.05263,12.92839,77.602418,,88618925d5fffff,86.0,ward_87
kmlpark_549,,0.07635,12.916135,77.480941,,8860145ad1fffff,,ward_189
kmlpark_550,,0.03553,12.917651,77.4815,,8860145ad1fffff,,ward_189
kmlpark_551,,0.04148,12.935052,77.487613,,8860145a89fffff,176.0,ward_177
kmlpark_552,,0.0418,12.918872,77.481954,,8860145ad1fffff,,ward_189
kmlpark_553,,0.06222,12.937051,77.485394,,8860145a81fffff,176.0,ward_177
kmlpark_554,,0.06963,12.919941,77.482332,,8860145ad1fffff,,ward_189
kmlpark_555,,0.076,12.917704,77.48154,,8860145ad1fffff,,ward_189
kmlpark_556,,0.03674,12.91751,77.520007,,8860145125fffff,158.0,ward_159
kmlpark_557,,0.04891,12.932795,77.516212,,8860145a13fffff,135.0,ward_136
kmlpark_558,,0.04278,12.941009,77.5031,,8860145aebfffff,135.0,ward_136
kmlpark_559,,0.01426,12.911942,77.520557,,8860145121fffff,158.0,ward_159
kmlpark_560,,0.03416,12.917932,77.522323,,8860145125fffff,158.0,ward_159
kmlpark_561,,0.08466,12.926566,77.51868,,8860145a1bfffff,158.0,ward_159
kmlpark_562,,0.05877,12.926315,77.518687,,8860145a1bfffff,158.0,ward_159
kmlpark_563,,0.01214,12.916228,77.521684,,8860145125fffff,158.0,ward_159
kmlpark_564,,0.06574,12.9177,77.523903,,8860145125fffff,158.0,ward_159
kmlpark_565,,0.04429,12.928442,77.516517,,8860145a1bfffff,135.0,ward_136
kmlpark_566,,0.05667,12.932014,77.515963,,8860145a13fffff,135.0,ward_136
kmlpark_567,,0.11882,12.933123,77.513539,,8860145a13fffff,158.0,ward_159
kmlpark_568,,0.04609,12.928624,77.507111,,8860145acdfffff,158.0,ward_159
kmlpark_569,,0.04671,12.936182,77.518421,,8860145a11fffff,135.0,ward_136
kmlpark_570,,0.07235,12.930124,77.542243,,8860145a55fffff,111.0,ward_112
kmlpark_571,,0.02925,12.927268,77.542355,,8860145a55fffff,111.0,ward_112
kmlpark_572,,0.00013,12.935294,77.53549,,8860145a0bfffff,111.0,ward_112
kmlpark_573,,0.05461,12.924777,77.566548,,8860145a4dfffff,95.0,ward_96
kmlpark_574,,0.04653,12.923183,77.563959,,8860145a49fffff,95.0,ward_96
kmlpark_575,,0.06812,12.924528,77.562489,,8860145a41fffff,90.0,ward_91
kmlpark_576,,0.06035,12.922811,77.558614,,8860145a41fffff,90.0,ward_91
kmlpark_577,,0.05932,12.924575,77.566278,,8860145a4dfffff,95.0,ward_96
kmlpark_578,,0.06784,12.928674,77.572752,,886189259bfffff,63.0,ward_64
kmlpark_579,,0.05614,12.926567,77.57656,,886189259bfffff,63.0,ward_64
kmlpark_580,,0.0266,12.925036,77.580392,,886189259bfffff,92.0,ward_93
kmlpark_581,,0.07816,12.928108,77.580475,,886189259bfffff,92.0,ward_93
kmlpark_582,,0.01742,12.932584,77.576624,,8861892593fffff,63.0,ward_64
kmlpark_583,,0.04701,12.935134,77.583233,,8861892591fffff,63.0,ward_64
kmlpark_584,,0.03552,12.933731,77.582419,,8861892591fffff,63.0,ward_64
kmlpark_585,,0.02428,12.934571,77.580427,,8861892591fffff,63.0,ward_64
kmlpark_586,,0.03619,12.934542,77.577263,,8861892591fffff,63.0,ward_64
kmlpark_587,,0.10622,12.924996,77.580451,,886189259bfffff,92.0,ward_93
kmlpark_588,,0.05144,12.924237,77.580426,,886189259bfffff,92.0,ward_93
kmlpark_589,,0.05831,12.92877,77.580626,,886189259bfffff,92.0,ward_93
kmlpark_590,,0.03698,12.924682,77.582183,,8861892599fffff,92.0,ward_93
kmlpark_591,,0.03566,12.917249,77.588321,,88618925d3fffff,121.0,ward_122
kmlpark_592,,0.04628,12.925285,77.591307,,88618925d7fffff,71.0,ward_72
kmlpark_593,,0.02729,12.925109,77.59461,,88618925d7fffff,94.0,ward_95
kmlpark_594,,0.04046,12.925039,77.595598,,88618925d7fffff,94.0,ward_95
kmlpark_595,,0.04323,12.925157,77.590354,,88618925d7fffff,71.0,ward_72
kmlpark_596,,0.06465,12.925285,77.591307,,88618925d7fffff,71.0,ward_72
kmlpark_597,,0.07887,12.933799,77.58719,,886189259dfffff,71.0,ward_72
kmlpark_598,,0.09113,12.933637,77.589157,,886189259dfffff,71.0,ward_72
kmlpark_599,,0.01905,12.933105,77.592204,,886189259dfffff,71.0,ward_72
kmlpark_600,,0.07251,12.930879,77.590207,,886189259dfffff,71.0,ward_72
kmlpark_601,,0.04369,12.925099,77.597495,,88618925d7fffff,71.0,ward_72
kmlpark_602,,0.09549,12.919019,77.603229,,88618925ddfffff,108.0,ward_109
kmlpark_603,,0.07519,12.925978,77.59878,,88618925d5fffff,71.0,ward_72
kmlpark_604,,0.04375,12.917112,77.597376,,88618925d1fffff,108.0,ward_109
kmlpark_605,,0.02161,12.917964,77.598407,,88618925d1fffff,108.0,ward_109
kmlpark_606,,0.04194,12.918339,77.597736,,88618925d1fffff,108.0,ward_109
kmlpark_607,,0.08132,12.919712,77.598135,,88618925d1fffff,108.0,ward_109
kmlpark_608,,0.10028,12.92072,77.607218,,88618925ddfffff,108.0,ward_109
kmlpark_609,,0.0615,12.919154,77.610004,,88618925ddfffff,125.0,ward_126
kmlpark_610,,0.07531,12.919117,77.610038,,88618925ddfffff,125.0,ward_126
kmlpark_611,,0.09325,12.919018,77.620336,,88618925c9fffff,125.0,ward_126
kmlpark_612,,0.06982,12.918349,77.63658,,8861892425fffff,137.0,ward_138
kmlpark_613,,0.06247,12.918308,77.630504,,8861892427fffff,137.0,ward_138
kmlpark_614,,0.09433,12.916732,77.632867,,8861892427fffff,137.0,ward_138
kmlpark_615,,0.0463,12.920437,77.631591,,8861892427fffff,137.0,ward_138
kmlpark_616,,0.04738,12.917523,77.650657,,8861892553fffff,185.0,ward_186
kmlpark_617,,0.03595,12.917045,77.652967,,8861892551fffff,185.0,ward_186
kmlpark_618,,0.09848,12.916334,77.648123,,8861892553fffff,165.0,ward_166
kmlpark_619,,0.0481,12.917672,77.650483,,8861892553fffff,185.0,ward_186
kmlpark_620,,0.02838,12.916347,77.647825,,8861892553fffff,165.0,ward_166
kmlpark_621,,0.02547,12.919163,77.649587,,8861892553fffff,185.0,ward_186
kmlpark_622,,0.0735,12.91065,77.652537,,886189255bfffff,185.0,ward_186
kmlpark_623,,0.0529,12.910645,77.652552,,886189255bfffff,185.0,ward_186
kmlpark_624,,0.03746,12.911197,77.646746,,886189242dfffff,165.0,ward_166
kmlpark_625,,0.0432,12.901292,77.649608,,8861892467fffff,185.0,ward_186
kmlpark_626,,0.05067,12.904359,77.65003,,8861892467fffff,165.0,ward_166
kmlpark_627,,0.03267,12.90436,77.649967,,8861892467fffff,165.0,ward_166
kmlpark_628,,0.03742,12.909703,77.636898,,8861892421fffff,165.0,ward_166
kmlpark_629,,0.03954,12.913602,77.642412,,886189242dfffff,165.0,ward_166
kmlpark_630,,0.05123,12.913631,77.642608,,886189242dfffff,165.0,ward_166
kmlpark_631,,0.05854,12.914775,77.634379,,8861892421fffff,165.0,ward_166
kmlpark_632,,0.01154,12.914836,77.630103,,8861892427fffff,165.0,ward_166
kmlpark_633,,0.06604,12.914815,77.627167,,8861892423fffff,165.0,ward_166
kmlpark_634,,0.08137,12.914973,77.627656,,8861892423fffff,165.0,ward_166
kmlpark_635,,0.04879,12.91289,77.628996,,8861892423fffff,165.0,ward_166
kmlpark_636,,0.05028,12.90932,77.633658,,8861892421fffff,165.0,ward_166
kmlpark_637,,0.06562,12.910975,77.633422,,8861892421fffff,165.0,ward_166
kmlpark_638,,0.0423,12.910607,77.631346,,8861892423fffff,165.0,ward_166
kmlpark_639,,0.07026,12.909675,77.633679,,8861892421fffff,165.0,ward_166
kmlpark_640,,0.06411,12.907574,77.640537,,8861892429fffff,165.0,ward_166
kmlpark_641,,0.06408,12.906864,77.634859,,8861892421fffff,178.0,ward_179
kmlpark_642,,0.02794,12.922187,77.665791,,886189255dfffff,185.0,ward_186
kmlpark_643,,0.04423,12.923674,77.665089,,8861892555fffff,185.0,ward_186
kmlpark_644,,0.07983,12.903399,77.620775,,886189243dfffff,156.0,ward_157
kmlpark_645,,0.03098,12.891336,77.618773,,8861892439fffff,184.0,ward_185
kmlpark_646,,0.05838,12.89048,77.616363,,8861892415fffff,184.0,ward_185
kmlpark_647,,0.05581,12.892931,77.613951,,8861892415fffff,163.0,ward_164
kmlpark_648,,0.07195,12.916631,77.622373,,88618925c9fffff,156.0,ward_157
kmlpark_649,,0.06017,12.914553,77.60858,,8861892437fffff,125.0,ward_126
kmlpark_650,,0.07403,12.914991,77.604106,,88618925ddfffff,125.0,ward_126
kmlpark_651,,0.02257,12.9112,77.601546,,88618925d9fffff,138.0,ward_139
kmlpark_652,,0.04798,12.915339,77.601592,,88618925d9fffff,125.0,ward_126
kmlpark_653,,0.06885,12.914611,77.601046,,88618925d9fffff,125.0,ward_126
kmlpark_654,,0.02512,12.911982,77.61358,,8861892437fffff,138.0,ward_139
kmlpark_655,,0.03372,12.907209,77.613691,,8861892431fffff,138.0,ward_139
kmlpark_656,,0.0089,12.910472,77.611626,,8861892437fffff,138.0,ward_139
kmlpark_657,,0.04089,12.907211,77.613655,,8861892431fffff,138.0,ward_139
kmlpark_658,,0.04952,12.906366,77.60074,,88618924e5fffff,121.0,ward_122
kmlpark_659,,0.04671,12.911701,77.598745,,88618925d9fffff,121.0,ward_122
kmlpark_660,,0.05074,12.913271,77.598619,,88618925d9fffff,121.0,ward_122
kmlpark_661,,0.04945,12.915353,77.598485,,88618925d1fffff,121.0,ward_122
kmlpark_662,,0.07229,12.905593,77.598257,,88618924e5fffff,121.0,ward_122
kmlpark_663,,0.06632,12.905154,77.599579,,88618924e5fffff,121.0,ward_122
kmlpark_664,,0.05651,12.905718,77.591275,,88618924e7fffff,124.0,ward_125
kmlpark_665,,0.05055,12.903094,77.596465,,88618924e5fffff,121.0,ward_122
kmlpark_666,,0.07797,12.913818,77.592479,,88618925dbfffff,121.0,ward_122
kmlpark_667,,0.07034,12.912078,77.590861,,88618925dbfffff,124.0,ward_125
kmlpark_668,,0.05225,12.909576,77.593751,,88618925dbfffff,121.0,ward_122
kmlpark_669,,0.0116,12.90914,77.587753,,88618924adfffff,124.0,ward_125
kmlpark_670,,0.08765,12.909012,77.585952,,88618924adfffff,124.0,ward_125
kmlpark_671,,0.03264,12.908594,77.584122,,88618924adfffff,124.0,ward_125
kmlpark_672,,0.03873,12.908771,77.581075,,88618924adfffff,124.0,ward_125
kmlpark_673,,0.03749,12.908231,77.584424,,88618924adfffff,124.0,ward_125
kmlpark_674,,0.04792,12.90777,77.581471,,88618924a9fffff,124.0,ward_125
kmlpark_675,,0.0625,12.907488,77.579359,,88618924a9fffff,124.0,ward_125
kmlpark_676,,0.02684,12.919115,77.585232,,88618925d3fffff,92.0,ward_93
kmlpark_677,,0.05763,12.920584,77.576581,,88618924a7fffff,92.0,ward_93
kmlpark_678,,0.03936,12.919261,77.580463,,88618924a5fffff,92.0,ward_93
kmlpark_679,,0.06877,12.917908,77.580024,,88618924a5fffff,92.0,ward_93
kmlpark_680,,0.05554,12.920611,77.580004,,88618924a5fffff,92.0,ward_93
kmlpark_681,,0.06362,12.922523,77.580002,,88618924a5fffff,92.0,ward_93
kmlpark_682,,0.03472,12.922534,77.580505,,88618924a5fffff,92.0,ward_93
kmlpark_683,,0.02713,12.920735,77.58054,,88618924a5fffff,92.0,ward_93
kmlpark_684,,0.00207,12.896466,77.558379,,88618924b9fffff,134.0,ward_135
kmlpark_685,,0.09181,12.895504,77.559162,,88618924b9fffff,134.0,ward_135
kmlpark_686,,0.03839,12.900542,77.558417,,88618924b9fffff,134.0,ward_135
kmlpark_687,,0.04843,12.908194,77.559691,,88618924b5fffff,127.0,ward_128
kmlpark_688,,0.04821,12.900574,77.55845,,88618924b9fffff,134.0,ward_135
kmlpark_689,,0.05959,12.908876,77.560993,,88618924b5fffff,127.0,ward_128
kmlpark_690,,0.05561,12.903284,77.565707,,88618924bdfffff,146.0,ward_147
kmlpark_691,,0.06454,12.91158,77.563874,,88618924b5fffff,134.0,ward_135
kmlpark_692,,0.032,12.902055,77.559345,,88618924b1fffff,134.0,ward_135
kmlpark_693,,0.06411,12.902055,77.559345,,88618924b1fffff,134.0,ward_135
kmlpark_694,,0.07762,12.914825,77.55704,,8860145a4bfffff,127.0,ward_128
kmlpark_695,,0.09083,12.917977,77.557691,,8860145a4bfffff,90.0,ward_91
kmlpark_696,,0.00479,12.912148,77.554743,,88618924b7fffff,127.0,ward_128
kmlpark_697,,0.05021,12.905788,77.551005,,88618924b3fffff,127.0,ward_128
kmlpark_698,,0.05609,12.919831,77.558264,,8860145a4bfffff,90.0,ward_91
kmlpark_699,,0.03533,12.906782,77.550372,,88618924b3fffff,127.0,ward_128
kmlpark_700,,0.04579,12.910444,77.548882,,88618924b7fffff,136.0,ward_137
kmlpark_701,,0.09276,12.925178,77.547078,,8860145a55fffff,116.0,ward_117
kmlpark_702,,0.00383,12.926194,77.547686,,8860145a43fffff,116.0,ward_117
kmlpark_703,,0.05412,12.925485,77.547293,,8860145a55fffff,116.0,ward_117
kmlpark_704,,0.00034,12.923201,77.54921,,8860145a43fffff,116.0,ward_117
kmlpark_705,,0.05947,12.906687,77.5503,,88618924b3fffff,127.0,ward_128
kmlpark_706,,0.07883,12.903524,77.528899,,8860145167fffff,168.0,ward_169
kmlpark_707,,0.0479,12.908071,77.534711,,8860145a5bfffff,168.0,ward_169
kmlpark_708,,0.0128,12.906317,77.542345,,8860145165fffff,136.0,ward_137
kmlpark_709,,0.11162,12.904104,77.538013,,8860145165fffff,168.0,ward_169
kmlpark_710,,0.01255,12.913293,77.537441,,8860145a5bfffff,168.0,ward_169
kmlpark_711,,0.07348,12.907482,77.562421,,88618924bdfffff,134.0,ward_135
kmlpark_712,,0.03555,12.903313,77.565775,,88618924bdfffff,146.0,ward_147
kmlpark_713,,0.03139,12.901003,77.5911,,88618924e7fffff,153.0,ward_154
kmlpark_714,,0.02832,12.895214,77.59201,,88618924e1fffff,155.0,ward_156
kmlpark_715,,0.06905,12.905725,77.591264,,88618924e7fffff,124.0,ward_125
kmlpark_716,,0.05202,12.889933,77.607556,,8861892417fffff,155.0,ward_156
kmlpark_717,,0.07282,12.892963,77.613977,,8861892415fffff,163.0,ward_164
kmlpark_718,,0.03581,12.890927,77.608417,,8861892417fffff,163.0,ward_164
kmlpark_719,,0.08457,12.895,77.606428,,886189243bfffff,155.0,ward_156
kmlpark_720,,0.0208,12.891646,77.605614,,8861892417fffff,155.0,ward_156
kmlpark_721,,0.0639,12.891486,77.606773,,8861892417fffff,163.0,ward_164
kmlpark_722,,0.08754,12.872006,77.652375,,886189244dfffff,,ward_185
kmlpark_723,,0.09821,12.879027,77.647245,,8861892447fffff,,ward_185
kmlpark_724,,0.05366,12.882436,77.606917,,8861892411fffff,191.0,ward_192
kmlpark_725,,0.05777,12.881883,77.607957,,8861892411fffff,191.0,ward_192
kmlpark_726,,0.07699,12.884847,77.60623,,8861892417fffff,191.0,ward_192
kmlpark_727,,0.04419,12.888432,77.592883,,88618924ebfffff,153.0,ward_154
kmlpark_728,,0.06631,12.882743,77.603634,,8861892413fffff,191.0,ward_192
kmlpark_729,,0.04282,12.880395,77.6032,,8861892413fffff,191.0,ward_192
kmlpark_730,,0.03638,12.870261,77.576958,,88618924ddfffff,,ward_171
kmlpark_731,,0.05717,12.858507,77.589673,,88618926b5fffff,,ward_192
kmlpark_732,,0.07714,12.86114,77.579683,,88618926b7fffff,,ward_171
kmlpark_733,,0.03487,12.883211,77.58934,,88618924c5fffff,170.0,ward_171
kmlpark_734,,0.06014,12.889049,77.578253,,886189248dfffff,170.0,ward_171
kmlpark_735,,0.03516,12.891557,77.578056,,886189248dfffff,170.0,ward_171
kmlpark_736,,0.04925,12.888303,77.583486,,886189248dfffff,170.0,ward_171
kmlpark_737,,0.08468,12.880343,77.586281,,88618924c7fffff,170.0,ward_171
kmlpark_738,,0.07139,12.880903,77.587708,,88618924c7fffff,170.0,ward_171
kmlpark_739,,0.036,12.881158,77.589397,,88618924c5fffff,170.0,ward_171
kmlpark_740,,0.06893,12.881992,77.589248,,88618924c5fffff,170.0,ward_171
kmlpark_741,,0.01823,12.881296,77.586614,,88618924c7fffff,170.0,ward_171
kmlpark_742,,0.05003,12.879766,77.586512,,88618924c7fffff,170.0,ward_171
kmlpark_743,,0.05979,12.880827,77.587221,,88618924c7fffff,170.0,ward_171
kmlpark_744,,0.0268,12.866308,77.562587,,88618924d3fffff,,ward_178
kmlpark_745,,0.08392,12.867814,77.559926,,88618924d3fffff,,ward_178
kmlpark_746,,0.033,12.865362,77.565312,,88618924d1fffff,,ward_178
kmlpark_747,,0.03923,12.884205,77.567008,,886189248bfffff,177.0,ward_178
kmlpark_748,,0.02384,12.893952,77.535709,,8860145161fffff,168.0,ward_169
kmlpark_749,,0.04985,12.894204,77.557249,,88618924b9fffff,162.0,ward_163
kmlpark_750,,0.07052,12.881006,77.557825,,886189249dfffff,177.0,ward_178
kmlpark_751,,0.08409,12.896766,77.550698,,88618924bbfffff,162.0,ward_163
kmlpark_752,,0.10369,12.916936,77.508755,,8860145ac9fffff,,ward_159
kmlpark_753,,0.07991,12.877678,77.540879,,8861892493fffff,,ward_169
kmlpark_754,,0.0797,12.880225,77.54854,,8861892491fffff,,ward_178
kmlpark_755,,0.05687,12.906337,77.509419,,886014512bfffff,,ward_159
kmlpark_756,,0.04861,12.974044,77.546501,,8860145a27fffff,28.0,ward_29
kmlpark_757,,0.07313,12.973423,77.541307,,8860145a27fffff,28.0,ward_29
kmlpark_758,,0.01164,12.973898,77.544112,,8860145a27fffff,28.0,ward_29
kmlpark_759,,0.05826,12.973652,77.542312,,8860145a27fffff,28.0,ward_29
kmlpark_760,,0.02527,12.973565,77.549924,,8860145a25fffff,28.0,ward_29
kmlpark_761,,0.06945,12.973845,77.551176,,8860145a25fffff,28.0,ward_29
kmlpark_762,,0.04734,12.972721,77.549456,,8860145a25fffff,28.0,ward_29
kmlpark_763,,0.02494,12.973813,77.551098,,8860145a25fffff,28.0,ward_29
kmlpark_764,,0.05649,12.970339,77.545562,,8860145a27fffff,37.0,ward_38
kmlpark_765,,0.0516,12.970367,77.53509,,8860145849fffff,62.0,ward_63
kmlpark_766,,0.04794,12.966725,77.544753,,8860145a27fffff,37.0,ward_38
kmlpark_767,,0.0675,12.966493,77.544633,,8860145a21fffff,37.0,ward_38
kmlpark_768,,0.08098,12.966214,77.544514,,8860145a21fffff,52.0,ward_53
kmlpark_769,,0.03904,12.967421,77.537227,,8860145849fffff,52.0,ward_53
kmlpark_770,,0.05807,12.967038,77.549701,,8860145a21fffff,37.0,ward_38
kmlpark_771,,0.05564,12.969185,77.539992,,8860145a27fffff,37.0,ward_38
kmlpark_772,,0.07953,12.972397,77.5364,,8860145849fffff,62.0,ward_63
kmlpark_773,,0.05048,12.956907,77.53658,,8860145a3dfffff,59.0,ward_60
kmlpark_774,,0.05403,12.953778,77.527965,,8860145a31fffff,82.0,ward_83
kmlpark_775,,0.08586,12.955374,77.527934,,8860145a31fffff,102.0,ward_103
kmlpark_776,,0.08503,12.953778,77.527965,,8860145a31fffff,82.0,ward_83
kmlpark_777,,0.01154,12.957456,77.53043,,8860145a31fffff,82.0,ward_83
kmlpark_778,,0.0626,12.958129,77.531178,,8860145a3dfffff,82.0,ward_83
kmlpark_779,,0.03272,12.957634,77.527876,,8860145a31fffff,82.0,ward_83
kmlpark_780,,0.03454,12.960533,77.525223,,8860145a37fffff,82.0,ward_83
kmlpark_781,,0.07969,12.953013,77.529544,,8860145a31fffff,82.0,ward_83
kmlpark_782,,0.06064,12.9617,77.53111,,8860145a35fffff,52.0,ward_53
kmlpark_783,,0.0371,12.958198,77.528916,,8860145a31fffff,82.0,ward_83
kmlpark_784,,0.07638,12.962555,77.52699,,8860145a35fffff,82.0,ward_83
kmlpark_785,,0.05479,12.95409,77.531893,,8860145a3dfffff,82.0,ward_83
kmlpark_786,,0.11865,12.958409,77.529031,,8860145a31fffff,82.0,ward_83
kmlpark_787,,0.0851,12.95785,77.528822,,8860145a31fffff,82.0,ward_83
kmlpark_788,,0.03086,12.953426,77.527767,,8860145a31fffff,82.0,ward_83
kmlpark_789,,0.01329,12.953426,77.527767,,8860145a31fffff,82.0,ward_83
kmlpark_790,,0.03133,12.95772,77.527864,,8860145a31fffff,82.0,ward_83
kmlpark_791,,0.03203,12.95772,77.527864,,8860145a31fffff,82.0,ward_83
kmlpark_792,,0.03231,12.959463,77.529381,,8860145a31fffff,82.0,ward_83
kmlpark_793,,0.06119,12.957513,77.528241,,8860145a31fffff,82.0,ward_83
kmlpark_794,,0.06433,12.957513,77.528241,,8860145a31fffff,82.0,ward_83
kmlpark_795,,0.05788,12.957513,77.528241,,8860145a31fffff,82.0,ward_83
kmlpark_796,,0.03951,12.957513,77.528241,,8860145a31fffff,82.0,ward_83
kmlpark_797,,0.05889,12.960035,77.525995,,8860145a31fffff,82.0,ward_83
kmlpark_798,,0.02649,12.960485,77.525113,,8860145a37fffff,82.0,ward_83
kmlpark_799,,0.08535,12.960443,77.525144,,8860145a37fffff,82.0,ward_83
kmlpark_800,,0.02081,12.963605,77.531474,,8860145a35fffff,52.0,ward_53
kmlpark_801,,0.03161,12.962478,77.54086,,8860145a23fffff,52.0,ward_53
kmlpark_802,,0.0233,12.964562,77.538489,,8860145a23fffff,52.0,ward_53
kmlpark_803,,0.0942,12.962478,77.54086,,8860145a23fffff,52.0,ward_53
kmlpark_804,,0.08559,12.962478,77.54086,,8860145a23fffff,52.0,ward_53
kmlpark_805,,0.05737,12.967165,77.536093,,8860145849fffff,52.0,ward_53
kmlpark_806,,0.00109,12.959109,77.536279,,8860145a3dfffff,59.0,ward_60
kmlpark_807,,0.05062,12.970139,77.537277,,8860145849fffff,37.0,ward_38
kmlpark_808,,0.07316,12.967495,77.537195,,8860145849fffff,52.0,ward_53
kmlpark_809,,0.0064,12.963479,77.534147,,8860145a35fffff,52.0,ward_53
kmlpark_810,,0.07032,12.973408,77.539458,,8860145849fffff,42.0,ward_43
kmlpark_811,,0.02287,12.968543,77.536772,,8860145849fffff,52.0,ward_53
kmlpark_812,,0.10777,12.956308,77.536557,,8860145a3dfffff,59.0,ward_60
kmlpark_813,,0.08048,12.962443,77.541051,,8860145a23fffff,52.0,ward_53
kmlpark_814,,0.02062,12.96055,77.536928,,8860145a23fffff,52.0,ward_53
kmlpark_815,,0.07294,12.972222,77.543671,,8860145a27fffff,28.0,ward_29
kmlpark_816,,0.02423,12.962841,77.534267,,8860145a35fffff,52.0,ward_53
kmlpark_817,,0.08643,12.960313,77.527634,,8860145a31fffff,82.0,ward_83
kmlpark_818,,0.01547,12.964624,77.538694,,8860145a23fffff,52.0,ward_53
kmlpark_819,,0.04853,12.955869,77.537192,,8860145a3dfffff,59.0,ward_60
kmlpark_820,,0.05829,12.968237,77.536633,,8860145849fffff,52.0,ward_53
kmlpark_821,,0.03537,12.954589,77.536163,,8860145a3dfffff,59.0,ward_60
kmlpark_822,,0.0343,12.956925,77.540632,,8860145a2bfffff,59.0,ward_60
kmlpark_823,,0.02705,12.949792,77.548466,,8860145a05fffff,58.0,ward_59
kmlpark_824,,0.05154,12.945956,77.548554,,8860145a05fffff,58.0,ward_59
kmlpark_825,,0.00111,12.945956,77.548554,,8860145a05fffff,58.0,ward_59
kmlpark_826,,0.02199,12.944249,77.543202,,8860145a01fffff,58.0,ward_59
kmlpark_827,,0.00329,12.943758,77.538298,,8860145a03fffff,83.0,ward_84
kmlpark_828,,0.03586,12.958126,77.580452,,88618925b3fffff,10.0,ward_11
kmlpark_829,,0.0499,12.962682,77.590042,,88618925b5fffff,9.0,ward_10
kmlpark_830,,0.06929,12.970593,77.584006,,8860145b4bfffff,9.0,ward_10
kmlpark_831,,0.06377,12.963858,77.580674,,88618925b7fffff,10.0,ward_11
kmlpark_832,,0.03957,12.96366,77.582755,,88618925b7fffff,10.0,ward_11
kmlpark_833,,0.02638,12.94396,77.573352,,8860145a6dfffff,24.0,ward_25
kmlpark_834,,0.06498,12.94847,77.573507,,8860145a6dfffff,24.0,ward_25
kmlpark_835,,0.03341,12.945436,77.564855,,8860145a61fffff,24.0,ward_25
kmlpark_836,,0.05753,12.948395,77.566336,,8860145a61fffff,24.0,ward_25
kmlpark_837,,0.04216,12.94965,77.562563,,8860145a61fffff,24.0,ward_25
kmlpark_838,,0.01822,12.952767,77.561469,,8860145a67fffff,39.0,ward_40
kmlpark_839,,0.05965,12.953166,77.561491,,8860145a67fffff,39.0,ward_40
kmlpark_840,,0.06739,12.947872,77.567907,,8860145a61fffff,24.0,ward_25
kmlpark_841,,0.049,12.952242,77.576699,,88618925b3fffff,31.0,ward_32
kmlpark_842,,0.05408,12.94394,77.577218,,8861892597fffff,31.0,ward_32
kmlpark_843,,0.08546,12.953435,77.573929,,88618925b3fffff,10.0,ward_11
kmlpark_844,,0.04309,12.953435,77.573929,,88618925b3fffff,10.0,ward_11
kmlpark_845,,0.04031,12.953435,77.573929,,88618925b3fffff,10.0,ward_11
kmlpark_846,,0.06582,12.951303,77.563363,,8860145a61fffff,24.0,ward_25
kmlpark_847,,0.06781,12.94409,77.571575,,8860145a69fffff,24.0,ward_25
kmlpark_848,,0.03592,12.948012,77.57353,,8860145a6dfffff,24.0,ward_25
kmlpark_849,,0.07638,12.95121,77.594284,,88618925bdfffff,35.0,ward_36
kmlpark_850,,0.06457,12.947408,77.595201,,8861892587fffff,35.0,ward_36
kmlpark_851,,0.02377,12.942986,77.597492,,8861892583fffff,54.0,ward_55
kmlpark_852,,0.05289,12.945383,77.60163,,8861892581fffff,35.0,ward_36
kmlpark_853,,0.09312,12.943006,77.57413,,8861892597fffff,24.0,ward_25
kmlpark_854,,0.04743,12.94237,77.580895,,8861892597fffff,31.0,ward_32
kmlpark_855,,0.06369,12.943335,77.583024,,8861892595fffff,31.0,ward_32
kmlpark_856,,0.07025,12.940087,77.584264,,8861892595fffff,31.0,ward_32
kmlpark_857,,0.06185,12.939848,77.584231,,8861892595fffff,31.0,ward_32
kmlpark_858,,0.07042,12.944053,77.577247,,8861892597fffff,31.0,ward_32
kmlpark_859,,0.01085,12.943261,77.569427,,8860145a69fffff,47.0,ward_48
kmlpark_860,,0.05447,12.943261,77.569427,,8860145a69fffff,47.0,ward_48
kmlpark_861,,0.04248,12.935996,77.573631,,8861892593fffff,47.0,ward_48
kmlpark_862,,0.04987,12.937897,77.57148,,8860145a69fffff,47.0,ward_48
kmlpark_863,,0.04262,12.937667,77.569009,,8860145a69fffff,47.0,ward_48
kmlpark_864,,0.08929,12.934326,77.565801,,8860145a45fffff,61.0,ward_62
kmlpark_865,,0.03012,12.931862,77.564981,,8860145a45fffff,61.0,ward_62
kmlpark_866,,0.03025,12.951593,77.557247,,8860145a63fffff,39.0,ward_40
kmlpark_867,,0.06664,12.948591,77.559124,,8860145a63fffff,39.0,ward_40
kmlpark_868,,0.01598,12.947183,77.563911,,8860145a61fffff,39.0,ward_40
kmlpark_869,,0.06467,12.944788,77.563074,,8860145a61fffff,39.0,ward_40
kmlpark_870,,0.00894,12.948943,77.560967,,8860145a61fffff,39.0,ward_40
kmlpark_871,,0.05068,12.948616,77.562298,,8860145a61fffff,39.0,ward_40
kmlpark_872,,0.07235,12.947882,77.55828,,8860145a63fffff,39.0,ward_40
kmlpark_873,,0.07746,12.944484,77.554373,,8860145a0dfffff,50.0,ward_51
kmlpark_874,,0.02732,12.934526,77.543128,,8860145a0bfffff,84.0,ward_85
kmlpark_875,,0.05967,12.942624,77.542778,,8860145a01fffff,72.0,ward_73
kmlpark_876,,0.05044,12.932799,77.543943,,8860145a09fffff,84.0,ward_85
kmlpark_877,,0.10456,12.938641,77.545686,,8860145a01fffff,72.0,ward_73
kmlpark_878,,0.02718,12.938546,77.545707,,8860145a01fffff,72.0,ward_73
kmlpark_879,,0.05505,12.939747,77.559584,,8860145a6bfffff,47.0,ward_48
kmlpark_880,,0.0248,12.939489,77.547382,,8860145a01fffff,72.0,ward_73
kmlpark_881,,0.03749,12.929699,77.5478,,8860145a09fffff,84.0,ward_85
kmlpark_882,,0.04878,12.9322,77.548998,,8860145a09fffff,84.0,ward_85
kmlpark_883,,0.0197,12.938562,77.563221,,8860145a6bfffff,47.0,ward_48
kmlpark_884,,0.061,12.926647,77.554364,,8860145a43fffff,84.0,ward_85
kmlpark_885,,0.08126,12.940132,77.561932,,8860145a6bfffff,47.0,ward_48
kmlpark_886,,0.07215,12.925619,77.553483,,8860145a43fffff,84.0,ward_85
kmlpark_887,,0.04864,12.937271,77.559649,,8860145a6bfffff,47.0,ward_48
